PUBLISHDATE,PRICINGTYPE,VERSION,H1,H2,H2DST,H3,H4,H5,H6,H7,H8,H9,H10,H11,H12,H13,H14,H15,H16,H17,H18,H19,H20,H21,H22,H23,H24
11/22/2013,TotalLMP,0,27.12,26.02,,22.7,24.52,24.35,22.25,28.87,35.46,44.58,39.04,41.05,38.07,31.46,31.27,30.62,30.77,32.18,38.8,35.48,29.99,30.4,29.88,27.8,26.46
11/23/2013,TotalLMP,0,26.38,24.82,,24.76,24.04,25.05,26.09,27.2,26.83,27.63,29.31,27.72,27.83,27.94,28.4,27.99,27.7,28.53,41.43,36.79,35.24,34.39,31.84,31.58,31.21
11/24/2013,TotalLMP,0,30.07,29.11,,30.06,30.73,30.52,30.59,30.67,34.15,42.46,40.81,38.77,35.15,39.86,32.31,31.53,29.64,45.76,45.36,41.68,40.69,38.5,38.17,33.35,31.77
11/25/2013,TotalLMP,1,32.3,31.31,,30.89,31.04,30.36,36.54,58.28,47.62,46.9,36.38,47.83,34.96,34.65,32.41,34.36,38.6,39.39,45.69,42.34,33.94,32.96,33.19,28.64,29.4
11/26/2013,TotalLMP,0,28.47,26.76,,26.51,25.98,24.96,23.95,28,30.33,33.37,33.34,36.75,54.12,39.76,43.04,38.08,36.99,45.57,38.1,32.28,31.21,31.55,29.1,26.8,26.09
11/27/2013,TotalLMP,0,25.78,25.85,,25.61,25.35,24.59,25.7,27.77,33.76,35.66,39.71,45.41,57.17,47.81,50.26,39.53,37.47,59.77,78.64,46.7,47.5,58.33,36.19,33.97,33.6
11/28/2013,TotalLMP,0,37.29,35.53,,31.97,30.15,31.82,29.58,30.74,31.02,35.58,57.35,46.31,36.56,31.03,27.93,27.19,26.08,26.42,29.02,29.36,29.55,32.18,32.16,31.19,30.8
12/20/2013,TotalLMP,0,26.56,25.42,,24.57,25.59,25.8,26.15,29.67,32.78,35.1,34.23,31.48,31.63,31.05,30.39,29.48,29.3,30.35,39.52,32.7,31.45,30.76,29.59,28.18,24.01
12/21/2013,TotalLMP,0,24.03,23.57,,23.83,21.93,24.9,25.44,25.65,27.21,28.3,30.06,30.65,31.3,30.26,29.16,27.9,28.16,30.42,36.59,37.78,33.02,31.27,29.56,26.73,21.61
12/22/2013,TotalLMP,0,24.4,22.41,,19.23,18.24,20.67,23.47,21.3,24.33,24.49,26.08,25.83,26.67,27,26.74,25.87,25.2,28.21,32.43,31.28,31.78,30.26,28.34,27.51,19.91
12/23/2013,TotalLMP,0,21.19,21.58,,21.86,21.78,21.36,23.75,25.67,28.83,30.03,31.43,34.43,37.39,31.11,29.73,29.82,29.71,30.95,41.21,35.84,31.97,36.75,35.4,30.52,27.85
12/24/2013,TotalLMP,0,25.4,24.66,,25.76,25.93,26.58,26.9,29.32,32.62,34.79,50.84,38.17,37.35,32.96,31.99,30.79,29.71,31.54,52.9,45.84,32.27,36.56,41.67,36.41,36.86
12/25/2013,TotalLMP,0,33.57,33.44,,32.63,31.18,32.96,33.36,43.23,44.88,44.71,37.02,36,33.26,30.18,27.85,27.29,26.45,27.57,48.23,30.48,31.18,32.45,34.61,30.75,27.87
12/26/2013,TotalLMP,0,28.95,28.46,,27.84,26.23,26.82,41.44,43.24,34.21,42.86,78.07,80.18,35.76,31.05,30.73,29.64,28.12,28.5,50.2,37.02,38.23,41.83,36.84,33.96,31.62
7/26/2013,TotalLMP,0,23.56,22.6,,1.36,0,22.25,25.59,23.68,26.49,28.32,30.87,35.41,35.09,36.62,44.99,43.96,49.67,55.93,48.71,40.5,33.25,34.64,34.33,29.51,25.03
7/27/2013,TotalLMP,0,25.14,27.73,,23.68,22.5,23.37,24.39,22.76,25.21,25.78,30.83,34.55,35.57,36.21,38.77,40.07,40.23,41.39,33.57,31.99,31.08,33.88,31.85,27.13,26.22
7/28/2013,TotalLMP,0,16.93,20.4,,24.47,22.41,12.62,21.36,17.98,11.25,23.5,25.44,28.98,29.47,31.91,34.72,58.06,66.87,36.43,55.48,34.41,37.96,35.34,40.19,26.8,24.81
7/29/2013,TotalLMP,0,23.95,24.48,,23.99,23.18,23.58,25.37,25.25,26.62,28.27,30.81,33,34.2,41.68,48.39,39.67,44.62,40.1,38.14,35.96,34,32.69,31.3,22.92,21.74
7/30/2013,TotalLMP,0,22.42,19.59,,16.39,2.12,10.18,24.45,24.61,25.58,28.24,29.81,33.36,36.23,35.29,33.89,34.23,35.11,36.7,35.57,34.72,33.66,33.85,33.24,27.6,27.58
7/31/2013,TotalLMP,0,25.19,24.11,,23.97,22.12,23.93,24.45,26.01,25.43,26.08,29.21,34.38,35.06,36.13,33.01,33.19,33.02,33.66,33.47,32.43,32.07,33.19,33.1,28.13,26.64
8/1/2013,TotalLMP,0,24.6,21.67,,21.85,21.06,22.76,25.33,26.47,26.21,28.46,30.35,32.41,31.99,31.82,32.43,32.92,32.52,33.86,33.11,32.11,32.08,32.5,32.57,26.75,24.75
4/12/2013,TotalLMP,0,32.23,28.63,,27.78,28.83,28.8,31.63,46.2,51.99,40.13,39.78,43.83,45.99,51.4,42.29,41.48,37.83,38.64,43,43.22,43.68,44.73,41.35,35.38,30.26
4/13/2013,TotalLMP,0,32.06,30.58,,28.97,29.64,29.29,30.31,30.48,30.72,36.48,39.06,47.24,37.04,39.78,40.28,38.64,34.1,33.44,33.35,34.13,36.95,76.94,50.11,39.94,34.29
4/14/2013,TotalLMP,0,30.2,29.43,,29.23,25.81,26.4,26.62,27.07,25.99,29.12,30.79,37.01,33.78,35.01,31.33,29.38,27.7,31.83,30.54,34.45,37.21,54.29,41.88,28,25.66
4/15/2013,TotalLMP,0,25.57,23.14,,23.76,24.83,23.54,26.53,44.6,42.75,41.35,42.59,39.89,36.49,38.18,38.71,39.09,35.78,37.49,46.82,47.44,39.36,45.67,44.57,28.67,29.02
4/16/2013,TotalLMP,0,25.38,26.34,,27.04,26.07,25.82,28.01,44.9,39.36,40.38,41.14,48.53,45.7,52.7,51.07,56.76,62.67,58.51,56.62,47.49,43.87,95.39,52.09,34.91,33.87
4/17/2013,TotalLMP,0,30.11,33.8,,29.42,28.89,29.28,37.88,86.83,47.03,60.78,53.72,37.45,40.61,47.6,45.6,57.56,46.64,66.05,50.26,46.07,38.48,48.82,71.41,39.67,36.08
4/18/2013,TotalLMP,0,27.87,28.13,,23.77,24.71,26.69,30.5,40.09,63.58,57.83,68.42,45.1,38.31,43.59,39.82,40.37,42.76,41.64,41.16,36.26,37.78,41.79,41.97,36.19,35.63
1/3/2014,TotalLMP,0,67.81,74.47,,94.14,39.68,36.29,45.48,110.41,262.04,123.01,117.86,145.24,113.91,95.49,92.12,66.36,65.51,77.58,228.38,158.59,136.43,201.83,196.45,101.25,105.1
1/4/2014,TotalLMP,0,105.29,119.02,,108.16,214.3,210.26,121.76,68.85,75.79,120.6,84.91,69.96,47.21,40.83,37.22,39.43,32.44,39.76,40.43,37.16,43.18,49.88,41.71,34.88,30.98
1/5/2014,TotalLMP,0,30.83,40.22,,43.96,38.9,35.42,43.43,46.21,35.54,48.51,58.28,58.37,53.07,48.43,44.8,48.13,46.22,48.9,53.41,46.31,45.84,42.23,32.2,30.5,27.29
1/6/2014,TotalLMP,0,26.09,25.74,,25.02,20.75,25.63,27.61,46.35,49.16,42.39,81.5,147.87,143.02,104.64,79.95,76.74,59.45,89.45,481.02,508.16,816.4,832.59,201.68,303.64,331.8
1/7/2014,TotalLMP,0,314.39,409.8,,416.3,271.85,465.65,483.99,1031.2,1752.52,1839.28,1782.22,1761.61,1423.15,383.79,479.52,296.78,217.82,270.5,962.79,385.7,362.64,295.46,211.83,187.65,194.62
1/8/2014,TotalLMP,0,149.47,177.17,,164.77,112.82,114.66,187.25,277.99,264.01,175.61,204.3,190.19,178.32,83.61,116.07,40.58,92.86,116.17,159.93,104.28,113.83,138.13,88.82,61.64,39.13
1/9/2014,TotalLMP,0,43.59,43.54,,37.55,39.92,39.51,38.09,175.37,110.82,64.7,54.24,44.1,41.31,41.49,38.34,37.72,36.56,39.2,73.19,44.25,47.09,43.88,38.6,32.19,31.06
7/5/2013,TotalLMP,0,28.23,26.06,,21.09,20.78,20.63,24.43,23.67,27.53,30.85,37.15,44.09,38.41,55.47,47.68,49.39,55.29,67.51,54.93,43.92,40.05,39.35,41.9,34.1,32.53
7/6/2013,TotalLMP,0,30.73,29.71,,25.31,25.02,23.2,21.77,22.51,25.87,34.54,45.26,107.83,45.12,49.97,51.93,118.9,132.92,118.5,84.94,47.84,43.55,44.31,53.99,33.37,31.83
7/7/2013,TotalLMP,0,29.77,30.02,,25.84,23.89,20.28,17.55,10.01,24.69,29.62,37.61,34.88,35.65,38.77,38.63,42.08,56.42,51.94,49.52,42.27,43.17,40.57,42.1,30.56,30.61
7/8/2013,TotalLMP,0,25.37,25.32,,22.8,19.13,23.16,26.24,27.89,31.97,35.26,35.04,41.82,45.68,50.48,48.49,73.16,86.59,61.59,57.4,57.57,59,50.71,49.36,36.97,30.38
7/9/2013,TotalLMP,0,28.9,27.97,,25.56,20.15,25.52,27.39,29.55,34.59,36.75,45.57,45.61,46.05,56.44,48,59.42,52.11,51.73,57.86,44.23,60.91,68.04,57.1,42.65,36.08
7/10/2013,TotalLMP,0,31.39,30.02,,28.42,27.08,28.04,32.66,34.84,40.89,47.18,54.9,51.21,53.86,54.58,78.78,55.12,58.1,44.69,55.83,46.01,43.71,51.37,48.14,36.65,32.29
7/11/2013,TotalLMP,0,30.62,29.73,,27.9,25.69,26.64,28.7,29.97,33.06,36.11,34.42,35.74,36.9,44.57,59.55,49.48,73.77,55.6,50.88,47.89,43.07,38.06,39.93,34.26,30.43
10/25/2013,TotalLMP,0,28.7,27.4,,27.6,27.62,28.3,28.8,36.31,48.75,40.81,48.2,44.79,36.58,34.81,35.42,31.27,31.06,30.55,30.23,37.76,34.78,33.6,33.08,31.18,30.21
10/26/2013,TotalLMP,0,31.73,39.84,,33.45,30.89,39.13,32.56,33.07,34.55,44.47,34.14,44.52,30.35,30.18,28.99,28.25,26.79,27.48,29.18,38.78,32.73,31.29,30.37,29.39,27.46
10/27/2013,TotalLMP,0,28.05,27.59,,26.51,25.95,25.25,27.76,28.67,28.64,28.66,29.9,28.88,28.78,26.28,26.89,25.68,26.12,26.04,26.46,38.85,32.91,31.09,30.02,27.24,27.51
10/28/2013,TotalLMP,0,25.33,26.31,,26.23,24.53,27.09,29.25,125.29,72.2,48.55,44.78,39.36,39.24,53.42,36.64,33.45,33.1,34.74,30.6,69.26,80.39,45.3,33.13,28.86,27.75
10/29/2013,TotalLMP,0,26.88,25.82,,24.11,24.83,25.87,27.82,32.59,35.81,36.59,37.36,39.29,35.32,36.52,37.96,33.73,31.9,33.32,36.81,71.47,50.39,37.03,36.27,29.29,28.67
10/30/2013,TotalLMP,0,27.24,25.35,,24.42,24.32,26.43,26.58,37.44,37.03,40.78,54.2,49.82,36.07,41.28,41.03,35.31,36.95,39.53,37.77,49.62,33.63,35.2,32.5,27.42,25.65
10/31/2013,TotalLMP,0,22.73,24.77,,23.11,20.61,23.93,25.34,29.2,30.99,31.57,32.46,32.17,32.49,33.91,32.8,34.9,33.94,32.27,32.17,32.05,29.2,31.03,31.2,26.86,21.83
10/18/2013,TotalLMP,0,28.44,23.29,,23,24.35,23.43,18.75,29.15,35.86,33.12,34.91,41.83,37.89,43.77,43.41,33.62,30.99,32.09,30.58,33.94,34.99,32.83,32.07,30.61,28.47
10/19/2013,TotalLMP,0,28.63,27.06,,25.2,24.68,26.64,26.67,28.37,31.92,33.28,48.26,46.78,33.92,32.26,29.95,27.99,27.62,27.96,28.28,44.45,36.79,38.12,30.75,32.13,27.42
10/20/2013,TotalLMP,0,30.04,25.74,,26.7,22.16,22.43,24.86,27.6,35.53,29.93,30.73,30.84,30.47,29.56,29.28,28,26.96,27.35,27.07,48.87,45.2,35.37,29.88,27.75,27.37
10/21/2013,TotalLMP,0,26.49,24.82,,24.47,24.93,23.92,28.33,37.67,38.01,38.22,34.85,40.28,36.25,35.85,36.36,32.05,31.22,32.87,31.06,44.29,49.04,42.31,36.4,29.29,29.33
10/22/2013,TotalLMP,0,28.19,26.39,,25.79,25.42,26.82,27.63,44.25,51.4,45.1,42.15,39.47,52.31,37.26,38.37,34.19,32.44,33.65,32.62,49.96,46.42,37.45,35.89,33.3,30.2
10/23/2013,TotalLMP,0,26.93,25.8,,25.34,25.13,24.62,26.71,32.06,36.72,37.19,37.87,46.36,40.38,36.97,37.57,35.59,35.1,35.5,35.02,50.45,76.95,49.97,37.47,32.68,33.59
10/24/2013,TotalLMP,0,30.03,27.95,,28.23,28.11,28.86,33.39,42.23,49.69,40.47,40.61,37.87,37.83,39.51,43.35,34.98,36.21,35.42,36.17,48.97,40.73,43.63,48.32,36.56,33.94
9/20/2013,TotalLMP,0,26.06,26.83,,25.08,24.36,25.36,27.45,39.43,30.65,30.84,34.15,36.13,48.13,47.25,64.4,46.64,42.73,43.55,37.85,34.96,50.85,38.44,29.98,28.08,26.5
9/21/2013,TotalLMP,0,25.56,24.64,,24.19,23.57,23.4,24.9,24.96,24.76,27.59,30.51,30.14,31.03,28.88,29.2,28.41,27.07,28.87,29.19,29.63,42.11,33.1,29.99,27.55,22.17
9/22/2013,TotalLMP,0,25.23,24.09,,10.52,18.58,21.82,20.75,24.65,23.55,24.71,26.2,24.84,26.1,26.79,27.18,26.65,26.38,26.98,26.79,27.64,38.32,30.39,25.55,19.55,21
9/23/2013,TotalLMP,0,9.94,3.93,,9.75,9.78,22.9,27.5,27.43,27.71,28.69,32.13,30.18,30.03,30.6,37.74,30.66,29.24,30.44,32,31.14,33.16,34.51,27.38,23.29,24.62
9/24/2013,TotalLMP,0,18.82,22.26,,20.79,22.07,23.94,26.64,39.09,30.2,29.22,32.16,31.27,32.1,32.33,31.04,32.16,32.46,36.4,32.06,31.14,47.85,33.58,28.31,24.02,24.8
9/25/2013,TotalLMP,0,19.72,23.44,,22.53,22.55,23.79,26.61,30.14,31.3,27.87,30.73,32.53,39.06,31.54,37.51,31.42,33.39,44.7,31.81,30.59,38.53,33.76,28.03,26.69,24.2
9/26/2013,TotalLMP,0,21.42,19.89,,21.09,21.67,23.62,25.83,34.44,33.37,29.28,31.27,32.75,34.35,40.05,41.77,47,39.2,37.86,35.72,32.8,43.68,40.58,31.69,27.09,26
8/2/2013,TotalLMP,0,24.41,21.95,,21.38,5.35,2.24,24.47,25.31,24.47,28.54,34.12,50.39,44.91,38.73,41,63.42,44.37,63.03,39.08,38.04,35.98,36.54,32.98,29.27,28.31
8/3/2013,TotalLMP,0,27.4,24.76,,23.2,20.53,20.6,23.15,19.15,18.64,26.24,28.14,29.48,30.93,31.06,31.5,30.66,30.71,30.9,30.67,31.06,30.48,30.1,30.48,23.91,26.18
8/4/2013,TotalLMP,0,24.64,22.19,,18.16,0.25,0,0,0.91,14.12,23.63,25.26,25.72,27.39,28.27,30.28,29.98,30.39,31.71,31.97,31.59,29.76,28.37,27.77,23.39,22.58
8/5/2013,TotalLMP,0,21.94,23.19,,21.64,22.44,20.56,24.87,23.75,24.56,26.34,30.05,31.51,34.14,36.29,37.35,34.66,37.6,38.15,34.3,32.58,31.65,34.42,31.04,26.31,25.08
8/6/2013,TotalLMP,0,24.01,22.9,,21.17,19.15,21.99,25.06,25.06,25.85,27.3,30.44,38.72,36.18,36.24,32.84,33.71,33.54,36.74,36.73,36.43,33.84,33.91,32.76,27.45,24.05
8/7/2013,TotalLMP,0,18.34,20.47,,17.84,2.93,21.26,25.38,25.84,26,28.41,29.76,36.94,39.04,38.49,39.9,40.67,41.68,40.79,50,43.71,38.37,41.55,35.6,27.55,26.91
8/8/2013,TotalLMP,0,26.37,25.38,,22.49,21.18,23.47,26.54,28.91,30.61,43.2,48.51,49.93,58.66,44.76,96.14,52.15,53.21,84.42,53.25,51.04,40.82,46.55,56.16,32.4,33.42
5/31/2013,TotalLMP,0,35.63,30.99,,28.28,25.64,25.61,28.85,34.25,60.36,47.55,51.55,102.39,49.5,63.52,100.59,54.66,77.81,77.61,62.88,51,44.52,44.81,42.95,34.16,30.18
6/1/2013,TotalLMP,0,30.59,29.52,,25.42,13.39,24.42,23.79,24.21,30.73,33.16,43.82,63.4,65.48,41.86,47.34,48.59,79.66,106.64,71.26,49.83,54.8,49.79,42.43,36.83,33.47
6/2/2013,TotalLMP,0,27.6,26.35,,24.45,22.22,20.11,9.96,7.52,25.37,29.08,31.58,43.72,61.86,45.81,58.09,52.06,36.51,43.02,55.94,75.45,72.86,60.81,36.28,33.07,34.31
6/3/2013,TotalLMP,0,29.03,26.05,,24.49,22.85,24.38,28.42,30.46,32.78,33.81,37.68,44.89,54.25,43.47,62.59,47.25,44.25,42.05,41.92,44.67,44.16,32.98,39.81,27.78,25.5
6/4/2013,TotalLMP,0,19.49,17.78,,19.15,18.51,23.78,26.85,26.08,32,32.95,34.8,36.23,36.07,36.93,42.8,41.39,40.97,50.81,43.07,42.46,38.21,39.55,40.51,30.73,28.63
6/5/2013,TotalLMP,0,24.86,23.65,,15.81,13.8,24.14,26.14,29.67,30,30.36,32.6,33.67,38.04,36.69,40.09,43.36,78.05,95.02,42.54,38.76,35.52,39.77,40,32.04,30.7
6/6/2013,TotalLMP,0,28.83,28.35,,25.1,24.14,25.91,30.36,32.4,33.89,41.03,39.28,42.8,39.79,43.05,36.95,35.94,33.74,34.46,34.88,35.2,34.25,34.77,33.66,30.31,30.39
6/7/2013,TotalLMP,0,23.3,24.22,,23.12,22.69,23.33,25.56,28.03,29.93,33.87,35.83,36.38,35.65,36.37,35.24,32.53,31.24,30.99,31.25,29.44,28.18,28.56,28.75,27.27,24.55
6/8/2013,TotalLMP,0,22.54,27.41,,22.06,15.6,23.61,22.49,20.81,24.3,26.58,29.38,30.32,32.37,32.11,33.07,33.04,33.84,36.6,43.5,36.55,34.62,31.69,36.35,31.4,27.91
6/9/2013,TotalLMP,0,23.53,21.97,,20.3,11.03,5.63,0.33,0.99,13.91,23.28,26.98,31.2,33.39,34.31,38.69,35.85,36.56,34.61,37.48,36.34,36.06,36.93,39.14,33.73,30.91
6/10/2013,TotalLMP,0,25.26,25.75,,24.07,23.83,23.88,26.95,24.32,28.78,32,33.42,34.89,35.74,35.75,38.06,35.88,33.6,34.24,35.39,36.07,33.23,31.99,31.4,27.24,26.42
6/11/2013,TotalLMP,0,24.02,24.08,,22.11,1.57,23.8,26.25,25.18,26.54,30.67,53.13,44.2,43.35,53.45,47.07,51.22,52.28,51.53,43.25,38.72,36.94,37.77,44.68,32.93,28.01
6/12/2013,TotalLMP,0,25.53,24.57,,19.66,8.53,24.59,26.21,27.2,28.28,32.48,36.03,68.01,41.07,58.67,68.88,235.47,54.19,83.5,61.12,47.99,54.29,86.39,69.97,38.12,38.51
6/13/2013,TotalLMP,0,30.48,29.85,,25.85,23.55,24.71,27.28,27.92,31.72,35.1,34.59,35.35,36.62,38.9,45.03,40.75,36.41,34.2,34.09,33.78,32.35,30.79,30.07,26.82,24.52
7/19/2013,TotalLMP,0,46.76,47.54,,36.72,32.03,34.07,35.62,40.74,86.83,105.67,81.89,100.47,91.01,154.32,185.53,134.8,136.94,132.17,88.54,61.88,98.38,93.81,65.19,45.59,40.62
7/20/2013,TotalLMP,0,44.63,36.41,,31.76,28.96,29.01,27.04,26.82,29.74,39.27,41.12,60.63,49.65,41.75,56.84,58.92,58.67,67.09,52.4,47.11,48.11,50.67,45.56,36.9,33.21
7/21/2013,TotalLMP,0,33.77,32.4,,29.74,27.41,25.08,23.85,20.59,27.05,32.3,37.61,52.5,98.45,100.19,62.24,114.27,81.78,64.1,58.21,50.99,49.92,54.13,59.91,39.88,31.73
7/22/2013,TotalLMP,0,27.3,29.23,,26.16,25.12,26.37,29.41,32.99,37.23,40.36,39.9,44.77,48.67,46.84,55.12,51.03,52.25,60.38,49.47,47.65,49.22,47.96,47.42,34.36,31.8
7/23/2013,TotalLMP,0,29.15,29.15,,27.02,24.6,25.97,28.27,30.48,29.9,33.12,39.66,48.27,59.35,58.02,72.89,67.63,93.56,92.21,61.45,49.98,44.33,44.25,38.64,31.23,29.36
7/24/2013,TotalLMP,0,26.63,26.14,,24.02,23.62,23.85,26.14,24.78,27.16,29.07,31.63,34.11,35.65,38.22,40.82,40.45,42.08,40.14,40.13,36.71,35.75,32.61,32.72,28.09,25.97
7/25/2013,TotalLMP,0,25.97,24.94,,5.96,1.25,17.95,25.19,24.34,26.62,27.18,27.65,29.25,30.45,31.58,32.53,33.15,36.17,37.7,36.95,31.61,30.62,30.96,31.74,28.29,25.23
9/13/2013,TotalLMP,0,26.27,26.27,,24.62,22.78,24.78,26.52,31.36,29.18,30.14,32.71,43.16,40.64,32.56,32.68,33.05,33.47,34.22,30.22,28.83,28.43,28.89,26.5,23.28,22.07
9/14/2013,TotalLMP,0,22.98,25.63,,26.26,23.3,23.17,24.58,24.47,22.95,25.52,26.56,26.55,26.73,27.02,27.31,27.11,26.97,27.78,27.83,26.83,26.89,28.42,25.87,23.37,21.35
9/15/2013,TotalLMP,0,20.64,11.64,,14.39,1.54,0,0.45,8.45,1.04,25.29,25.3,24.67,24.69,25.85,26.29,26.39,27.18,29.23,32.73,27.74,40.61,32.3,26.04,23.28,23.37
9/16/2013,TotalLMP,0,22.26,17.9,,17.31,20.05,22.05,25.61,34.55,30.12,28.84,30.17,32.11,33.82,32.18,31.09,30.21,29.65,30.19,30.14,29.77,32.35,30.38,27.78,24.2,23.66
9/17/2013,TotalLMP,0,22.75,22.37,,6.93,22.67,22.61,26.82,35.19,27.28,28.25,30.72,32.09,38.98,40.3,40.84,35.38,30.88,37.38,34.43,29.85,39.21,36,30.19,25.91,25.94
9/18/2013,TotalLMP,0,20.73,25.43,,21.74,22.31,25.38,28.65,34.21,30.5,33.22,46.26,30.5,38.42,34.51,37.29,30.61,31.21,32.07,31.45,30.67,37.44,34.4,30.39,26.78,26.38
9/19/2013,TotalLMP,0,15.75,25.75,,25.07,24.56,26.47,27.67,36.05,29.48,31.95,33.33,30.92,29.64,30.03,32.56,34.1,34.54,34.87,35.76,31.65,40.06,37.73,31.7,28.84,27.44
5/24/2013,TotalLMP,0,23.87,26.4,,24.67,24.31,24.76,25.35,27.85,29.97,33.18,34.25,32.29,32.52,32.48,32.52,30.49,29.07,28.65,28.96,29.31,26.61,28.34,29.27,25.89,22.22
5/25/2013,TotalLMP,0,24.26,24.16,,23.46,16.47,23.53,22.79,7.69,23.81,29.09,31.69,30.81,30.79,29.36,26.1,25.28,26.35,26.67,28.34,28.02,27.46,32.03,33.06,26.31,18.48
5/26/2013,TotalLMP,0,24.04,23.7,,11.58,19.16,24.32,19.76,5.86,21.38,26.99,28.4,25.73,25.4,25.78,26.05,25.66,25.53,26.56,29.45,28.78,25.18,27.69,30.45,25.05,12.96
5/27/2013,TotalLMP,0,16.07,7.84,,18.58,15.4,1,7.89,1,13.65,24.72,26.13,26.83,30.63,30.99,30.97,31.42,32.08,31.19,32.63,31.85,30.88,39.55,38.2,29.4,22.87
5/28/2013,TotalLMP,0,13.23,25.48,,23.92,23.42,24.45,23.66,30.86,32.01,33.51,35.2,35.69,43.27,43.84,45.87,46.72,123.94,45.44,83.84,78.9,94.02,46.97,46.74,35.79,32.81
5/29/2013,TotalLMP,0,29.86,26.24,,21.85,23.21,21.45,21.33,25.96,30.03,32.46,36.33,37.39,35.12,39.95,48.73,54.73,47.48,66.85,75.07,54.44,56.34,66.06,93.38,37.68,33.08
5/30/2013,TotalLMP,0,31.5,27.31,,21.34,9.82,20.84,23.5,27.01,36.38,36.38,45.24,46.13,62.61,51.1,67.86,63.02,92.39,89.43,47.85,51.36,48.62,51.52,88.08,46.5,43.17
11/15/2013,TotalLMP,0,26.9,26.07,,24.68,24.68,21.66,23.03,51.43,33.49,35.56,57.14,43.42,32.62,32.42,30.9,28.73,29.75,32.54,38.36,33.25,31.52,29.92,27.18,25.68,23.28
11/16/2013,TotalLMP,0,28.56,30.42,,25.16,25.12,25.06,26.94,27.46,26.3,28.08,31.82,31.64,28.23,26.78,25.24,24,24.37,27.75,60.98,33.26,33.46,28.57,24.02,23.07,18.66
11/17/2013,TotalLMP,0,21.14,21.48,,11.63,1.01,18.64,19.82,24.18,23.1,24.84,25.65,25.83,25.67,28.23,27.75,26.7,26.87,31.71,47.78,32.75,33.86,30.84,24.42,20.59,20.96
11/18/2013,TotalLMP,0,22.88,20.49,,6.03,8.63,20.3,24.35,31.28,31.03,30.35,30.78,31.4,36.09,34.69,31.46,30.1,29.02,29.3,42.04,48.15,46.09,35.38,31.2,28.22,26.13
11/19/2013,TotalLMP,0,25.72,25.72,,25.45,26.68,27.41,27.81,43.38,32.92,37.57,34.71,33.59,39.72,35.41,35.38,38.3,33.09,48.09,82.96,62.81,52.37,54.45,41.8,31.91,31.42
11/20/2013,TotalLMP,1,30.52,28.69,,28.27,28.01,28.54,29.69,54.06,36.08,41.43,40.54,34.22,33.83,33.4,31.55,30.74,30.73,31.49,37.3,55.75,39.28,56.56,45.32,29.36,28.95
11/21/2013,TotalLMP,0,27.85,27.31,,26.62,26.88,28.34,30.51,44.83,39.61,43.59,33.6,41.7,30.15,29.15,31.52,30.18,30.32,31.03,37.28,32.3,31.37,31.47,29.43,26.68,23.91
10/4/2013,TotalLMP,0,24.3,22.28,,24.26,22.19,24.33,26.53,45.42,33.79,28.62,44.43,50.66,52.23,57.25,69.43,46.29,64.06,84.89,69.46,50.3,57.06,39.02,35.04,33.34,27.17
10/5/2013,TotalLMP,0,27.45,26.98,,26.06,24.5,23.01,26.19,27,28.08,28.39,35.49,38.25,65.46,46.91,38.45,37.36,54.25,52.71,48.45,50.5,63.32,39.14,41.52,34.94,33.3
10/6/2013,TotalLMP,0,24.64,27.22,,25.47,22.4,23.05,24.45,25.48,26.05,25.91,28.65,29.15,32.19,42.82,31.65,33.83,38.57,39.31,44.05,41.01,73.75,35.19,32.79,29.76,26.76
10/7/2013,TotalLMP,0,26.02,24.72,,23.79,23.44,24.86,28.43,36.77,49.28,35.97,37.66,50.02,45.47,39.67,41.12,36.26,32.98,33.78,33.77,37.44,37.29,34.34,29.43,23.6,23.18
10/8/2013,TotalLMP,0,20.18,19.39,,19.66,19.26,22.89,26.12,38.02,43.17,30.22,32.94,33.39,34.3,31.85,33.19,33.12,32.13,29.07,29.2,29.42,37.35,30.59,26.48,23.19,21.41
10/9/2013,TotalLMP,0,19.67,20.37,,23.87,21.33,23.08,27.1,27.93,28.89,28.9,31,30.75,31.37,30.71,31.37,31.78,30.46,30.88,30.11,31.25,32.42,33.34,29.02,24.17,24.58
10/10/2013,TotalLMP,0,24.02,24.05,,22.5,21.98,24.57,29.46,29.46,47.4,32.6,35.26,35.63,38.34,37.59,39.17,32.95,33.7,34.37,35.14,34.53,48.52,36.67,28.33,25.73,25.27
9/6/2013,TotalLMP,0,25.5,24.6,,23.23,22.25,23.03,25.89,30.82,25.38,26.44,29.4,30.66,31.41,35.25,38.57,42.65,68.1,86.76,61.57,30.63,30.59,32.59,27.9,26.25,25.75
9/7/2013,TotalLMP,0,24.04,26.83,,24.16,22.42,22.38,24.5,19.69,16.06,27.97,28.38,28.59,32.01,31.83,34.19,41.85,39.63,52.04,43.58,34.39,33.78,37.49,37.97,28.09,26.77
9/8/2013,TotalLMP,0,25.99,24,,22.61,23.01,20.83,22.5,24.85,23.65,25.61,29.01,37.21,59.8,83.05,35.78,88.71,98.47,178.25,110.94,36.28,79.49,82.93,38.01,30.25,31.45
9/9/2013,TotalLMP,0,27.4,29.4,,23.51,22.05,22.95,26.66,30,28.46,28.8,29.54,31.44,37.78,56.43,76.16,50.11,81.85,105.02,52.91,42.71,45.65,45.92,37.71,29.29,27.66
9/10/2013,TotalLMP,0,26.86,24.49,,23.41,23.47,25.15,29.44,40.61,35.81,39.22,52.66,55.71,52.97,67.7,124.81,94.98,221.77,334.84,268.79,209.66,206.76,184.09,96.83,31.04,30.22
9/11/2013,TotalLMP,0,31.8,31.28,,27.79,26.83,26.89,31.75,52.75,50.78,48.52,53.4,54.12,86.66,98.24,268.78,327.46,230.31,391.67,239.78,222.37,236.52,134.57,53.4,31.04,36.34
9/12/2013,TotalLMP,0,46.55,28.39,,25.73,25.76,26.3,31.11,46.27,43.14,46.64,38.22,46.15,55.72,64.68,50.41,50.92,51.48,35.24,33.88,34.56,35.13,38.47,28.94,24.52,25.23
5/3/2013,TotalLMP,0,27.18,27.94,,27.47,26.58,29.21,31.61,33.87,32.94,33.34,33.5,34.06,34.67,34.9,52.47,39.61,36.16,34.2,32.98,31.19,29.89,33.47,34.27,30.27,26.77
5/4/2013,TotalLMP,0,25.27,28.53,,28.2,26.89,26.22,22.85,23.63,25.4,33.87,34.78,33.69,37.99,36.09,34.57,30.43,30.67,31.44,32.46,32.8,32.13,46.82,43.49,34.06,30.69
5/5/2013,TotalLMP,0,26.89,25.6,,25.12,24.43,23.43,24.64,11.32,18.69,28.53,30.48,30.61,31.21,28.86,28.43,24.84,26.65,28.55,29.45,28.57,26.75,35.76,32.67,28.2,26.8
5/6/2013,TotalLMP,0,23.93,24.82,,23.84,24.17,25.39,26.66,40.58,33.13,36.33,47.36,44.8,55.3,38.53,34.33,34.72,41.79,44.02,40.47,39.12,36.39,35.29,35.59,30.43,25.69
5/7/2013,TotalLMP,0,30.12,26.89,,25.92,25.47,26.3,30.06,32.84,34.32,32.84,33.94,36.76,35.57,55.3,37.66,67.81,63.54,41.4,45,57.12,36.91,41.25,38.01,31.94,27.04
5/8/2013,TotalLMP,0,25.72,25.04,,24.4,24.58,21.26,30.77,31.95,37.25,45.23,47.16,45.09,46.25,56.01,49.23,38.25,45.99,45.8,52.1,55.44,37.68,45.89,42.57,36.23,29.02
5/9/2013,TotalLMP,0,27.83,26.58,,25.07,24.96,25.2,29.42,28.71,35.31,34.53,42.61,44.8,41.03,34.84,38.25,40.8,39.25,39.13,43.96,43.81,46.58,58.7,45.42,30.68,30
4/26/2013,TotalLMP,0,30.73,30.06,,29.12,28.81,31.74,36.03,45.97,45.64,43.61,41.61,44.71,45.81,42.09,40.12,43.72,43.12,36.97,33.65,32.63,35.11,42.03,39.77,32.82,30.63
4/27/2013,TotalLMP,0,32.24,31.08,,29.88,29.81,31.51,33.82,35.6,37.22,48.48,58.32,39.59,37.38,47.96,32.85,34.2,33.23,33.45,35.73,34.04,34.99,47.38,37.09,33.28,32.87
4/28/2013,TotalLMP,0,30.14,27.63,,27.02,26.5,27.23,28.07,27.74,28.66,29.55,33.2,33.12,34.98,45.86,36.45,34.22,33.45,42.24,42.16,39.16,54.75,38.74,33.68,29.34,26.8
4/29/2013,TotalLMP,0,27.3,23.67,,24.35,24.42,25.45,26.13,41.29,46.12,48.05,49.25,43.24,45.41,69.71,53.89,49.75,47.46,53.91,44.66,40.08,33.18,35.79,38.48,31.2,27.97
4/30/2013,TotalLMP,0,27.13,25.14,,24.06,21.72,24.62,27.53,31.73,32.36,34.38,34.42,45.06,38.82,36.95,42.81,35.58,37.62,38.29,36.58,36.38,33.33,36.89,37.63,31.57,28.17
5/1/2013,TotalLMP,0,27.27,26.46,,25.24,23.59,24.95,29.81,32.53,42.14,38.89,50.28,63.34,48.95,57.92,50.49,42.09,44.86,46.87,45.18,41.04,36.87,46.18,69.63,30.55,27.88
5/2/2013,TotalLMP,0,25.24,28.06,,25.07,23.52,23.57,26.65,25.14,39.54,34.18,33.63,35.15,37.96,41.33,40.38,34.18,36.84,35.25,33.74,32.21,29.65,31.76,32.08,29.46,27.53
12/27/2013,TotalLMP,0,31.41,28.88,,29.06,29.11,28.4,29.58,37.35,47.95,53.38,36.07,34.38,32.48,30.91,29.82,26.92,28.41,29.09,42.42,33.22,34.25,35.92,33.05,30.87,27.57
12/28/2013,TotalLMP,0,27.3,28.47,,28.93,28.28,27.36,30.31,31.19,39.35,32.93,32.69,30.39,29.62,27.49,25.42,24.08,24.64,27.78,34.61,31.22,29.9,29.56,27.44,25.81,15.52
12/29/2013,TotalLMP,0,23.36,22.8,,24.25,22.76,23.56,21.76,22.72,24.44,26.02,29,30.15,30.66,31.13,30.43,29.27,26.77,29.21,39,31.37,31.3,31.23,29.7,28.19,24.82
12/30/2013,TotalLMP,0,24.77,24.19,,24.29,24.72,24.66,25.23,24.42,28.13,29.38,31.26,33.33,33.46,32.72,32.13,31.47,30.57,30.82,38.39,35.8,34.54,34.34,33.17,30.51,28.07
12/31/2013,TotalLMP,0,33.13,30.4,,29.66,29.58,28.36,27.4,30.56,36.3,39.49,37.48,35.38,39.07,32.72,46.66,31.49,30.98,31.87,69.03,48.59,48.17,33.44,32.22,31.9,37.1
1/1/2014,TotalLMP,0,38.3,34.94,,32.49,34.53,43.83,31.34,30.73,31.01,30.44,30.25,30.71,30.88,29.98,31.66,29.85,28.7,29.8,40.23,36.97,35.42,39.92,33.94,31.96,29.64
1/2/2014,TotalLMP,0,29.8,28.73,,28.29,28.77,28.21,28.56,32.93,49.46,49.25,90.41,46.26,58.69,52.4,51.2,49.01,60.6,50.88,130.71,91.78,70.5,73.99,145.62,44.74,64.36
11/1/2013,TotalLMP,0,19.99,22.16,,21.29,18.94,21.02,23.27,28.08,31.66,30.47,32.37,36.95,33.97,31.42,31.07,29.54,31.79,36.36,34.37,38.67,28.54,33.64,28.98,26.37,26.01
11/2/2013,TotalLMP,0,25.64,25.34,,25.02,23.44,25.51,26.34,27.34,27.39,29.87,31.97,38.04,34.25,31.82,28.6,28.17,27.21,28.36,29.59,47.18,32.88,33.61,28.65,27.06,25.79
11/3/2013,TotalLMP,0,26.21,25.47,24.17,24.58,24.41,25.09,27.85,28.94,29.49,31.05,31.65,28.63,28.19,27.53,26.35,27,26.72,26.23,36.48,36.12,32,32.37,28.02,26.02,26.94
11/4/2013,TotalLMP,0,27.17,26.95,,24.92,25.75,25.02,29.23,40.63,38.92,33.89,31.45,34.29,36.98,33.78,34.92,32.39,43.58,43.53,78.33,87.96,60.92,46.81,34.51,29.47,28.1
11/5/2013,TotalLMP,0,27.63,26.92,,26.39,26.26,26.9,28.86,56.44,42.97,34.85,34.45,40.7,33.36,33.85,33.26,32.59,31.75,39.43,49.06,48.28,34.29,41.28,29.83,25.94,24.34
11/6/2013,TotalLMP,0,25.68,24.12,,21.13,23.01,24.12,24.65,34.83,29.16,28.58,29.44,31.95,30.79,30.7,30.8,29.95,29.23,30.78,54.31,31.94,31.62,30.06,26.95,25.62,23.6
11/7/2013,TotalLMP,0,24.14,23.2,,22.52,21.7,25.46,26.48,30.56,30.46,31.77,32.35,33.91,32.93,33.17,33.47,31.55,30.12,31.02,49.41,52.03,35.12,36.5,33,27.97,28.96
10/11/2013,TotalLMP,0,24.54,24.73,,23.19,23.15,23.08,24.84,29.09,29.46,30.28,34.55,35.31,38.46,48.62,40.77,30.76,31.93,32.11,30.36,34.22,38.79,30.27,28.1,26.54,26.57
10/12/2013,TotalLMP,0,25.97,23.61,,22.99,21.48,24.97,25.39,26.3,26.88,27.88,33.36,31.48,29.73,30.48,30.78,30.4,29.96,31.28,30.28,38,42.2,33.31,27.61,27.73,24.66
10/13/2013,TotalLMP,0,23.98,22.07,,6.95,17.55,19.89,21.9,23.66,23.93,24.55,26.22,27.7,28.77,28.91,28.54,28.31,28.72,29.38,29.46,34.73,36.49,31.13,28.29,27.5,30.51
10/14/2013,TotalLMP,0,23.57,21.17,,15.73,22.96,21.64,25.09,28.22,34.42,29.91,33.06,42.14,31.54,32.04,37.42,35.32,32.47,49.41,34.23,42.29,56.85,34.28,30.28,27.4,24.14
10/15/2013,TotalLMP,0,22.99,25.9,,23.18,22.64,25.62,27.34,51.3,72.7,35.52,38.71,62.33,38.36,36.94,47.76,29.94,31.54,38.13,37.08,38.57,56.66,33.82,33.54,27.15,27.01
10/16/2013,TotalLMP,0,24.78,25.58,,24.19,24.56,26.04,27.77,32.4,39.78,40.45,42.15,40.16,34.61,34.14,37.31,34.1,33.26,33.68,33.65,39.35,56.82,37.67,36.65,30.74,29.74
10/17/2013,TotalLMP,0,27.12,26.25,,25.92,25.92,26.43,27.07,39.74,54.11,44.92,42.07,41.03,38.75,51.81,37.88,36.2,34.77,48.05,37.19,41.31,53.24,37.4,37.3,30.1,28.47
5/17/2013,TotalLMP,0,29.2,26.8,,24.66,24.86,24.95,26.03,29.95,31.4,32.38,38.83,47.4,40.68,74.66,43.13,87.01,121.84,87.41,52.27,65.96,35.51,50.42,39.85,29.82,26.98
5/18/2013,TotalLMP,0,27.86,27.18,,24.62,24.17,21.8,25.96,24.59,25.85,29.57,33.38,39.05,39.16,43.71,45.65,32.22,36.73,35.6,34.28,32.85,30.88,30.73,31.27,27.72,25.51
5/19/2013,TotalLMP,0,25.21,25.5,,21.66,9.42,15.54,24.14,20.95,23.9,28.61,27.6,29.66,32.03,34.63,35.96,39.54,39.71,44.21,47.38,43.48,34.84,37.55,43.66,30.85,29.81
5/20/2013,TotalLMP,0,26.79,16.9,,24.09,24.33,23.42,27.99,31.39,40.81,51.1,42.28,40.43,50.06,64.77,59.33,64.15,77.53,126.58,84.99,79.31,65.16,152.26,116.88,40.72,37.62
5/21/2013,TotalLMP,0,37.43,26.35,,25.31,22.87,25.15,28.4,33.6,38.41,43.94,38.38,48.98,48.05,52.13,86.49,71.4,79.37,82.75,85.01,56.06,45.08,54.67,62.26,49.57,36.92
5/22/2013,TotalLMP,0,31.29,25.65,,28.33,26,26.17,33.92,42.88,38.71,50.03,42.73,48.36,71,174.97,66.59,75.29,76.71,103.09,73.33,49.08,43.91,48.95,50.05,29.7,30.92
5/23/2013,TotalLMP,0,28.76,29.39,,25.7,24.15,26.13,30.06,33.26,53.76,59.22,36.43,44.26,49.57,49.49,56.58,41.66,59.15,38.97,37.74,34.12,35.86,37.45,32.36,25.12,26.23
11/29/2013,TotalLMP,0,30.42,31.23,,31.81,31.9,31.31,31.56,35.23,35.94,34,29.62,31.25,30.75,28.36,27.65,26.87,27.28,28.33,43.09,37.4,35.69,36.97,33.64,32.71,31.35
11/30/2013,TotalLMP,0,29.86,28.95,,30.38,30.87,29.78,29.55,31.94,36.84,31.49,34.59,37.99,30.76,29.66,29.37,28.16,28.19,31.72,43.49,32.42,37.08,37.81,33.49,31.51,28.68
12/1/2013,TotalLMP,0,28.04,29.03,,28.54,28.67,28.23,28.7,32.81,32.23,29.75,28.85,28.22,26.98,26.76,26.94,26.71,26.7,34.38,45.93,32.78,34.58,32.97,30.46,28.26,26.64
12/2/2013,TotalLMP,0,26.93,26.88,,26.67,25.76,26.84,27.75,29.57,32.33,31.96,35.29,37.27,38.08,31.7,30.14,29.68,30.1,37.2,49.21,32.06,34.03,38.54,34.2,30.95,28.89
12/3/2013,TotalLMP,0,26.61,27.12,,27.66,27.46,27.96,29.14,48.11,42.99,38.33,34.24,34.03,32.17,30.48,30.37,29.23,28.68,29.48,40.97,36.3,45.7,44.05,33.69,27.09,25.39
12/4/2013,TotalLMP,0,28.21,26.3,,25.43,26.33,27.02,26.48,35.9,41.69,43.8,38.38,34.8,32.48,32.76,32.06,30.38,30.89,33.96,45.63,49.81,36.59,32.4,29.08,24.62,14.22
12/5/2013,TotalLMP,0,22.96,19.99,,21.15,21.2,23.12,24.2,30.63,33.6,30.99,30.47,33.92,35.39,33.16,30.62,31.03,30.72,59.77,57.79,49.99,45.46,39.57,34.5,27.55,26.3
7/12/2013,TotalLMP,0,27.34,27.46,,26.1,24.55,25.09,26.34,27.63,29.06,31.56,32.63,36.72,38.86,39.99,38.61,40.1,38.35,41.45,42.58,37.23,33.8,34.25,31.79,28.7,26.93
7/13/2013,TotalLMP,0,24.8,25.72,,13.8,6.09,23.39,24.67,16.58,24.14,28.58,31,44.68,42.47,44.74,42.01,42.78,59.14,56,74.69,42.18,42.96,46.22,43.31,36.68,32.11
7/14/2013,TotalLMP,0,30.77,28.72,,24.89,24.42,23.28,24.52,21.08,23.93,31.4,35.35,56.34,58.53,64.64,61.34,55.97,56.86,101.75,167.97,107.3,71.39,100.49,118.58,51.69,42.43
7/15/2013,TotalLMP,0,36.56,32.22,,27.71,26.97,28.31,30.38,33.27,40.58,70.8,55.28,114.2,219.65,125.86,214.15,270.41,371.18,71.08,131.35,136.37,81.34,98.83,73.91,50.67,54.17
7/16/2013,TotalLMP,0,40.2,34.23,,30.39,28.54,27.83,32.12,36.38,47.12,52.24,114.33,122,84.89,189.91,68.49,73.38,86.95,115.18,139.13,98.17,92.66,76.11,64.96,47.6,44.09
7/17/2013,TotalLMP,0,38.37,32.91,,27.98,27.46,27.75,31.34,34.74,50.81,58.1,71.23,92.31,71.42,169.43,198.6,138.08,106.21,137.47,93.22,106.63,77.09,72.39,88.28,42.32,38.52
7/18/2013,TotalLMP,0,38.33,32.66,,30.87,28.68,28.3,32.15,37.16,77.15,94.89,73.76,78.39,100.91,297.49,464.88,52.17,230.62,248.23,264.78,172.76,130.24,135.23,112.25,51.99,63.44
9/27/2013,TotalLMP,0,23.15,25.2,,24.07,23.35,25.07,26.59,32.09,31.48,28.64,30.93,34.73,33.24,35.36,35.68,34.33,55.96,42.12,35.36,28.29,30.3,29.73,28.28,26.29,24.69
9/28/2013,TotalLMP,0,25.21,24.85,,24.57,22.44,24.38,26.25,26.93,25.95,26.69,40.66,28.49,29.26,29.13,28.62,27.77,28.44,28.34,29.3,28.37,31.93,30.64,27.64,26.72,24.24
9/29/2013,TotalLMP,0,24.48,22.41,,10.67,15.16,4.35,15.53,22.26,22.55,25.69,27,26.67,26.81,26.99,26.95,26.51,26.38,27.22,27.81,28.41,39.05,30.12,26.71,25.6,23.32
9/30/2013,TotalLMP,0,24.29,26.26,,23.68,23.65,26.62,28.73,48.77,49.23,32.11,47.16,41.25,36.4,56.17,39.57,36.41,34.68,37.5,36.16,36.77,57.82,39.14,29.7,24.5,23.99
10/1/2013,TotalLMP,0,22.9,23.65,,21.14,22.51,23.11,25.98,29.43,28.76,27.63,30.55,32.84,38.82,40.16,41.54,42.16,32.74,46.2,38.46,37.61,52.23,40.1,28.22,25.56,23.78
10/2/2013,TotalLMP,0,21.03,21.23,,5.69,18.73,22.52,25.94,28.82,27.66,26.84,31.68,38.53,37.75,43.01,49.01,40.6,48.64,38.87,40.42,34.65,60.46,36.79,28.41,25.72,24.18
10/3/2013,TotalLMP,0,23.71,25.81,,20.29,20.83,22.35,27.04,29.02,36.13,31.53,35.58,39.69,39.01,52.99,58.29,44.8,47.14,62.28,42.62,38.6,57.78,48.57,32.3,28.58,26.75
4/1/2013,TotalLMP,0,23.62,25.11,,22.39,21.74,24.6,27.1,31.03,29.9,32.77,42.05,33.33,34.3,31.23,30.6,30.09,27.66,28,27.43,27.05,28.65,35.39,35.36,30.97,28.25
4/2/2013,TotalLMP,0,26.87,27.56,,27.36,28.02,28.94,32.56,42.67,47.83,38.5,33.94,50.44,38.49,37.51,35.54,33.1,31.88,31.17,28.54,30.85,38.46,79.2,43.49,35.94,34.24
4/3/2013,TotalLMP,0,32.57,30.63,,31.53,32.56,31.88,34.66,65.69,64.73,50.36,35.64,39.36,40.43,35.75,33.78,32,29.59,31.81,30.11,30.02,38.1,62.05,38.39,36.54,31.85
4/4/2013,TotalLMP,0,30.11,29.61,,29.36,29.17,31.1,39.84,71.02,107.22,39.8,41.98,57.26,40.55,34.98,35.46,37.43,33.77,33.63,35.92,49.44,42.94,63.36,50.69,30.19,29.96
1/10/2014,TotalLMP,0,32.2,33.89,,32.09,31.89,31.15,30.93,37.67,42.18,44.35,47.95,68.16,52.82,56.94,41.59,38.51,36.45,37.88,84.3,36.52,37.33,34.67,32.13,29.79,29.46
1/11/2014,TotalLMP,0,27.01,29.05,,28.24,26.97,27.32,28.56,27.44,29.46,34.06,37.87,52.29,49.21,35.31,34.06,31.63,30.3,41.73,37.32,35.31,32.29,31.53,29.45,28.43,28.83
1/12/2014,TotalLMP,0,27.55,25.85,,24.86,26.49,26.61,27.66,27.98,28.71,30.87,32.14,32.42,33.42,30.33,30.01,29.21,28.41,29.58,63.84,55.72,38.15,39.83,38.61,33.55,32.29
1/13/2014,TotalLMP,0,30.73,30.13,,31.04,31.27,29.32,37.97,57.29,54.22,42.55,40.75,34.98,33.77,31.01,30.48,29.53,28.98,29.75,47.19,33.7,33.51,31.07,29.78,25.36,24.09
1/14/2014,TotalLMP,0,20.12,25.08,,24.03,20.78,19.21,26.34,27.69,29.85,29.27,30.68,35.39,30.96,31.18,30.8,30.07,29.65,29.83,31.64,31.34,32.14,32.84,31.24,28.35,27.19
1/15/2014,TotalLMP,0,26.97,26.76,,27.05,27.44,28.17,29.13,37.01,46.14,39.84,39.27,34.67,33.7,32.74,31.41,31.01,31.49,41.22,39.54,41.57,35.96,37.54,34.04,29.92,28.75
1/16/2014,TotalLMP,0,30.1,29.55,,28.48,29.7,28.78,33.86,56.27,70.72,37.18,42.67,45.26,41.41,35.44,34.28,32.74,32.37,37.13,39.95,42.79,48.38,44.56,43.12,32.47,31.42
8/30/2013,TotalLMP,0,25.06,23.81,,22.81,21.04,22.32,25.97,28.69,28.44,30.22,40.49,44.15,42.08,55.34,46.21,73.25,79.49,85.03,56.56,41.3,40.93,38.88,33.91,29.81,29.97
8/31/2013,TotalLMP,0,27.87,28.62,,25.33,24.43,24.63,26.02,24.2,25.26,31.43,40.98,40.87,52.02,50.96,69.78,63.48,82.08,72.07,46.78,44.23,44.7,49.81,40.03,34.73,29.77
9/1/2013,TotalLMP,0,28.98,26.41,,25.18,24.62,23.8,24.41,23.54,24.27,28.69,32.95,37.74,45.43,47.05,66.65,49.83,74.44,57.48,39.61,35.81,40.14,46.21,34,33.48,28.94
9/2/2013,TotalLMP,0,26.98,25.56,,24.51,22.68,22.2,24.09,22.35,18.62,26.4,31.5,36,43.81,45.02,35.73,36.33,41.84,53.3,42.55,41.16,40.25,44.3,32.61,26.13,25.29
9/3/2013,TotalLMP,0,23.73,26.17,,23.67,24.05,23.12,26.72,38.5,36.06,41.27,62.29,44.44,45.96,45.09,56.65,43.95,45.96,50.96,71.44,34.66,33.77,38.34,30.62,26.73,23.68
9/4/2013,TotalLMP,0,22.19,23.23,,22.88,21.34,21.7,25.49,28.41,27.04,31.99,30.93,34.36,38.07,35.55,47.64,38.18,55.66,88.6,66.45,38.71,36.7,37.78,30,26.5,24.69
9/5/2013,TotalLMP,0,24.32,23.93,,16.17,6.76,23.49,25.94,32.27,26.7,28.46,32.03,34.2,38.62,39.72,39.75,56.78,39.32,38.03,40.12,39.9,34.14,39.48,28.52,24.1,27.91
12/6/2013,TotalLMP,0,25.96,23.71,,25.11,25.11,26.03,27.27,30.62,39.72,43,44.88,40.93,62.86,42.4,42.88,35.34,32.67,38.16,44.5,35.67,37,36.9,36.79,33.42,30.4
12/7/2013,TotalLMP,0,29.61,28.09,,27.84,28.21,28.15,28.79,29.96,30.9,32.64,35.94,35.97,34.72,32.48,31.86,30.67,30.08,43.74,75.2,37.94,40.1,39.48,38.88,38.46,36.61
12/8/2013,TotalLMP,0,35.9,40.08,,42.49,34.47,33.98,33.32,30.86,34.55,44.65,45.98,40.57,63.22,46.06,41.44,36.64,38.67,69.31,69.79,63.88,68.21,64.96,52.74,36.81,33.01
12/9/2013,TotalLMP,0,30.78,29.32,,30.08,30.88,30.2,31.93,35.11,39.43,39.23,52.16,44.17,45.59,36.17,37.94,36.76,46.08,56.35,125.43,56.21,56.35,69.01,47.75,37.09,39.13
12/10/2013,TotalLMP,0,31.91,31.59,,30.82,30.11,31.13,33.06,40.72,52.66,40.99,46.38,52.42,45.33,49.92,40.23,34.46,35.99,32.71,83.87,49.96,60.8,49.92,59.65,38.15,41.44
12/11/2013,TotalLMP,0,38.83,37.81,,39.5,39.86,43.8,36.61,70.36,42.31,51.25,45.99,44.45,39.5,40.2,35.27,35.06,37.29,42.54,60.72,52.33,54.82,61.29,53.64,37.24,36.51
12/12/2013,TotalLMP,0,34.97,35.4,,35.09,34.99,38.26,41.27,63.78,66.25,54.24,68.68,44.33,58.45,49.27,38.43,44.33,43.23,52.73,77.58,85.39,81.22,78.21,72.07,41.27,51.23
6/28/2013,TotalLMP,0,30.24,30.07,,26.25,24.64,25.45,27.66,27.19,36.8,40.36,51.51,60.69,51.27,71.27,54.69,62.81,50.58,41.72,34.44,35.93,35.33,30.57,32.68,30.15,28.4
6/29/2013,TotalLMP,0,27.37,28.35,,23.08,23.69,23.89,23.02,23.74,26.02,28.14,29.63,35.53,44.23,39.7,57.72,40.19,39.66,72.79,102.19,42.01,36.08,37.3,38.92,32.52,31.54
6/30/2013,TotalLMP,0,28.99,27.99,,25.86,24.3,22.08,23.87,22.22,24.03,25.49,27.15,32.06,39.2,36.34,43.44,39.4,39.87,43.41,47.02,36.99,36.74,36.87,34.41,30.25,27.81
7/1/2013,TotalLMP,0,25.19,23.71,,22.26,17.94,19.53,25.1,24.22,26.21,28.95,31.25,31.37,32.15,32.7,33.32,33.2,34.95,37.07,38,33.56,32.84,31.96,30.11,26.07,26.27
7/2/2013,TotalLMP,0,24.67,23.65,,13.86,13.77,21.28,25.03,25.85,26.88,29.54,32.07,36.06,45.9,42.11,44.71,51.5,48.8,55.06,45.01,39.46,38,40.9,36.45,29.52,28.75
7/3/2013,TotalLMP,0,25.77,25.6,,22.36,16.73,22.81,27.31,27.43,28.64,37.13,38.71,43.87,49.92,69.89,63.83,69.65,73.36,57.74,57.26,41.48,39.16,36.43,35.09,40.13,31.67
7/4/2013,TotalLMP,0,28.37,24.41,,22.2,23.61,16.94,23.68,13.64,20.03,25.12,28.43,37.14,45.59,42.3,41.01,56.22,65.96,79.61,47.87,37.24,34.57,30.84,30.6,32.07,30.59
8/9/2013,TotalLMP,0,27.23,26.54,,18.97,17.23,19.57,21.48,31.85,35.84,52.64,47.83,55.14,43.42,51.21,80.97,51.92,77.93,107.91,60.4,42.2,42.42,52.19,54.58,34.89,34.32
8/10/2013,TotalLMP,0,34.99,30.22,,29.2,25.82,25.75,25.85,26.45,28.85,33.97,37.18,46.07,39.73,36,35.3,37.43,36.86,40.52,44.17,37.32,34.74,39.46,32.32,28.28,27.33
8/11/2013,TotalLMP,0,26.46,25.67,,23.57,19.77,16.67,16.97,11.38,17.63,26.44,27.71,28.73,36.38,33.83,35.49,38.22,45.68,46.74,46.18,40.11,40.71,40.54,37.82,31.65,31.62
8/12/2013,TotalLMP,0,27.9,26.12,,22.17,22.64,23.31,26.4,40.11,37.59,43.94,44.19,56.6,41.98,60.04,42.71,47.67,69.67,63.37,57.62,45.44,45.37,51.66,41.68,31.23,30.97
8/13/2013,TotalLMP,0,28.33,26.6,,24.07,24.49,22.56,23.86,32.66,32.47,33.76,36.23,36.92,35.95,42.37,43.7,49.95,59.22,129.95,38.63,39.76,36.05,41.34,34.18,26.85,27.23
8/14/2013,TotalLMP,0,25.48,25.42,,21.95,19.78,20.96,25.22,26.62,25.77,26.57,28.58,30.35,30.88,29.57,28.91,29.11,29.59,30.31,30.97,30.73,27.65,30.01,28.6,24.08,23.48
8/15/2013,TotalLMP,0,22.26,19.34,,9.57,2.23,22.4,18.99,23.75,21.33,25.51,27.31,28.99,29.92,29.27,29.25,29.17,29.67,30.12,30.47,30.32,28.73,29.41,29.01,23.48,23.56
8/16/2013,TotalLMP,0,24.08,24.01,,21.8,19.92,22.63,25.15,26.25,21.8,26.17,33.07,31.2,31.72,34.32,39.04,34.2,34.12,36.51,35.46,32.56,30.88,30.77,30.03,25.36,24.7
8/17/2013,TotalLMP,0,24.35,23.9,,19.64,19.11,18.98,22.32,23.16,22.81,27.46,28.4,29.39,29.96,31.86,32.84,32.03,32.89,34.32,35.83,35.46,32.56,35.5,31.53,27.78,25.19
8/18/2013,TotalLMP,0,21.08,22.45,,20.79,17.44,14.65,15.42,12.83,9.23,21.08,23.45,26.03,27.15,28.88,29.15,29.77,29.8,30.12,30.88,31.51,32.35,35.42,31.23,29.73,27.13
8/19/2013,TotalLMP,0,23.84,22.72,,20.74,18.77,19.75,25.87,30.78,28.22,31.39,30.65,34.2,43.34,42.03,50.33,43.04,53.3,42.01,44.98,43.24,43.82,51.49,40.11,28.2,25.16
8/20/2013,TotalLMP,0,24.13,21.39,,12.2,0.43,16.12,21.62,24.42,23.14,27.39,31.11,36.41,50.88,36.55,52.21,38.31,49.65,99.1,49.43,39.92,39.89,59.13,44.5,30.04,28.48
8/21/2013,TotalLMP,0,27.68,26.43,,23.09,22.75,23.34,25.91,28.84,27.65,32.93,36.11,59.74,35.82,55.31,54.19,82.94,63.28,90.4,41.86,41.68,45.52,46,44.02,29.64,28.13
8/22/2013,TotalLMP,0,27.5,26.67,,24.72,20.3,20.18,24.87,31.31,32.59,33.75,34.77,36.63,37.58,41.19,42.05,35.21,35.61,37.62,43.85,36.92,36.08,48.48,35.82,27.91,26.59
5/10/2013,TotalLMP,0,24.99,25.83,,24.23,22.28,25.73,27.17,30.08,35.8,33.74,35.87,36.45,37.31,41.83,50.62,39.35,39.37,48.81,45.41,41.02,43.07,55.25,39.24,34.22,32.43
5/11/2013,TotalLMP,0,30.27,30.78,,26.77,27.81,24.48,27.49,27.94,28.33,33.46,47.27,37.47,39.86,38.51,36.06,35.77,38.61,49.27,39.13,32.72,30.72,39.11,39.49,34.26,30.03
5/12/2013,TotalLMP,0,30.16,28.15,,25.61,23.31,24.46,25.65,23.42,28.11,27.14,26.07,26.42,25.9,24.66,25.14,24.99,24.66,23.58,24.76,23.74,26.44,41.73,39.59,31.88,28.06
5/13/2013,TotalLMP,0,24.77,26.44,,26.6,26.25,25.81,26.12,36.31,36.58,36.03,37.79,37.55,38.68,33.45,34.17,35.65,33.04,33.65,31.93,32.89,32.56,41.64,38.99,30.8,26
5/14/2013,TotalLMP,0,22.43,25.48,,25.39,24.3,27.77,28.72,52.65,31.73,30.86,30.76,31.43,31.92,31.9,34.08,33.36,33.52,37.61,39.17,34.06,32.16,35.73,37.27,27.46,27.48
5/15/2013,TotalLMP,0,26.69,25.77,,24.31,24.26,24.87,29.31,28.58,26.77,31.49,31.62,32.22,42.95,44.4,37.2,38.84,43.81,231.99,76.14,92.06,41.95,42.67,54.85,34.97,32.96
5/16/2013,TotalLMP,0,30.68,27.6,,24.83,25.07,25.52,30.57,30.9,35.36,40.55,41.42,42.06,37.91,38.66,46.42,42.8,45.66,42.99,36.23,39.8,40.62,37.59,36.18,30.9,26.79
12/13/2013,TotalLMP,0,30.68,31.84,,31.43,32.94,36,33.52,50.12,96.62,54.38,41.1,39.29,37.89,32.37,30.9,32.15,32.29,40.14,45.77,38.51,38.85,42.39,39.19,36.27,32.5
12/14/2013,TotalLMP,0,34.55,37.01,,32.98,32.53,33.01,34.14,34.45,33.97,37.04,43.2,49.78,45.56,40.64,37.24,36.62,40.12,86.16,119.44,41.15,43.43,60.86,52.71,37.37,36.79
12/15/2013,TotalLMP,0,37.9,35.56,,31.72,31.8,32.29,34,34.92,35.93,44.7,39.59,32.83,32.93,32.27,30.67,30.67,31.25,38.5,66.15,54.72,47.99,53.8,56,37.68,34.02
12/16/2013,TotalLMP,0,33.41,34.75,,34.77,33.51,33.07,35.05,42.14,47.5,48.31,58.96,46.66,40.71,39.03,39.09,38.89,39.07,55.7,96.05,58.06,63.71,60.2,49.23,36.43,32.95
12/17/2013,TotalLMP,0,36.08,36.1,,32.72,32.59,33.68,36.6,53.66,62.03,45.14,47.59,43.61,53.15,40.83,40.8,37.28,39.17,39.1,58.04,47.69,43.97,45.36,45.96,37.03,34.63
12/18/2013,TotalLMP,0,31.93,31.87,,28.58,31.42,34.16,34.45,47.26,47.08,38.98,40.32,36.26,32.98,33.26,34.22,32.84,32.71,37.25,137.9,44.3,52.9,52.46,50.16,34.25,33.57
12/19/2013,TotalLMP,0,32.77,31.92,,32.4,32.22,31.69,32.57,57.79,72.96,38.03,35.31,31.26,30.38,30.1,30.73,30.56,30.77,31.05,33.45,36.25,38.08,37.99,32.67,28.73,26.7
11/8/2013,TotalLMP,0,26.96,25.94,,25.82,26.49,27.5,27.81,33.66,37.21,33.68,32.82,37.14,39.92,39.14,32.2,31.16,30.75,31.91,62.28,48.76,45.1,45.45,36.48,29.77,29.42
11/9/2013,TotalLMP,0,28.74,41.42,,29.55,32.45,31.14,31.52,30.16,28.52,32.41,42.44,28.13,26.14,26.32,26.09,25.61,25.3,29.02,44.28,30.09,28.08,28.38,27.09,25.23,24.84
11/10/2013,TotalLMP,0,24.49,22.75,,24.38,24.65,24,24.95,25.26,24.38,24.5,24.38,24.4,25.58,25.82,25.83,25.51,25.57,26.27,49.05,34.27,40.47,30.13,26.5,24.9,24.18
11/11/2013,TotalLMP,0,24.34,23.83,,23.61,24.92,23.9,27.49,33.06,29.67,30.44,30.56,32.38,31.69,29.48,30.07,29.2,29.32,36.84,62.96,33.75,32.83,33.6,29.86,27.25,24.82
11/12/2013,TotalLMP,0,24.43,24.8,,24.65,25.12,25.67,26.27,29.09,29.69,31.63,32.05,33.56,36.44,33.04,33.29,33.41,38.52,43.14,59.99,55.27,69.62,60.19,35.56,32.93,30.72
11/13/2013,TotalLMP,0,33.37,34.45,,34.92,34.64,30.97,35.74,56.35,49.54,33.39,36.78,35.07,33.02,31.29,29.25,27.1,28.24,36.47,109.23,34.22,39.51,50.54,39.49,31.45,28.84
11/14/2013,TotalLMP,0,27.25,27.32,,33.95,29.47,30.08,60.04,133.57,81.08,38.37,33.26,31.79,28.89,28.28,27.24,29.96,29.18,27.15,90.79,30.58,30.92,31.58,28.45,26.78,25.22
6/21/2013,TotalLMP,0,25.04,24.7,,6.67,11.61,23.15,22.55,23.65,26.63,29.09,30.68,34.86,42.24,39.48,41.3,45.42,46.96,47.03,39.71,34.87,33.69,32.93,31.26,30.36,29.2
6/22/2013,TotalLMP,0,27.34,23.73,,24.07,8.09,0.42,0.34,0.84,22.8,27.12,28.01,31.48,41.93,43.2,43.35,39.66,37.65,39.95,39.42,36.3,35.18,35.53,32.69,29.27,28.79
6/23/2013,TotalLMP,0,27.12,25.81,,21.93,15.11,14.68,0.67,1.01,17.31,23.42,26.62,31.06,46.69,46.02,47.5,57.25,67.34,54.43,48.37,48.35,48.45,43.94,43.87,34.16,32.21
6/24/2013,TotalLMP,0,30.35,27.63,,24.84,25.5,26.01,26.07,25.22,28.35,39.73,45.95,53.75,51.4,74.71,61.89,92.9,125.42,89.99,66.64,56.57,47.97,40.8,39.59,33.04,32.15
6/25/2013,TotalLMP,0,27.97,24.01,,22.65,22.69,23.69,22.22,26.48,29.15,31.87,35.83,52.04,73.04,48.97,53.47,63.35,57.42,52.01,64.14,49.15,43.63,71.68,72.08,36.55,33.53
6/26/2013,TotalLMP,0,28.27,26.59,,22.58,20.46,20.37,24.58,26.8,28.08,30.89,33.91,38.15,39.06,44.59,58.54,55.81,47.43,51.3,48,38.6,36.98,38.48,40.41,32.57,31.11
6/27/2013,TotalLMP,0,29.5,26.66,,22.8,22.86,23.64,26.83,27.01,28.8,32.43,36.61,48.17,68.14,42.81,47.99,52.42,67.86,58.16,44.49,38.57,38.21,37.4,38.66,30.08,29.65
6/14/2013,TotalLMP,0,24.17,24.66,,22.98,9.98,23.3,26.63,25.41,25.93,29.92,30.53,32.26,32.15,31.33,32.69,32.21,44.69,36.56,37.18,35.98,32.11,30.27,30.86,28.96,25.74
6/15/2013,TotalLMP,0,23.43,22.87,,25.45,7.19,14.94,22.25,22.89,19.31,28.97,30.92,32.92,38.34,39.18,41.4,38.55,42.63,41.42,43.16,38.53,35.57,35.11,37.66,30.4,28.31
6/16/2013,TotalLMP,0,26.68,26.46,,24.62,22.86,20.72,15.48,2.61,20.31,25.81,26.15,28.09,34.2,40.96,36.94,38.02,36.9,35.99,36.75,38.66,39.31,42.92,63.82,38.56,32.18
6/17/2013,TotalLMP,0,27.96,26.87,,26.02,24.82,25.88,27.38,28.65,30.37,34.36,47.91,63.15,63.58,64.25,96.38,87.86,62.38,64.89,55.99,49.02,48.45,54.38,66.91,42.32,33.72
6/18/2013,TotalLMP,0,28.76,27.26,,24.5,25.11,22.62,28.29,25.81,29.46,34.48,33.21,35.64,35.85,35.55,35.75,36.91,37.03,35.99,32.77,32.7,30.63,29.68,28.45,25.72,23.19
6/19/2013,TotalLMP,0,25.43,25.14,,22.78,21.12,22.03,24.33,20.8,26.37,28.09,29.21,30.27,31.1,32.9,36.98,37.48,35.63,42.78,43.11,42.3,33.12,30.66,30.87,28.02,25.47
6/20/2013,TotalLMP,0,21.27,16.02,,22.47,18.21,22.8,23.43,24.63,26.25,28.65,30.42,34.54,36.12,39.44,49.55,46.73,46.18,63.2,55.26,43.87,46.67,37.46,34.05,32,28.75
8/23/2013,TotalLMP,0,26.69,25.52,,23.02,20.29,22.42,22.6,28.74,29.63,31.4,32.65,36.76,36.05,34.79,34.24,34.64,35.92,34.4,33.39,30.91,28.41,28.34,27.67,24.01,24.02
8/24/2013,TotalLMP,0,24.72,25.92,,19.78,6.05,20.46,22.42,22.99,21.9,25.93,27.68,30.04,31.84,33.6,34.71,35.96,45.3,64.69,37.84,33.52,30.5,31.07,28.35,23.87,24.6
8/25/2013,TotalLMP,0,23.65,18.06,,10.54,7.69,0.97,0.99,0.88,0.16,20.79,26.33,26.97,27.63,31.52,32.65,36.66,37.98,65.28,54.82,35.87,32.11,36.82,32.01,25.88,25.9
8/26/2013,TotalLMP,0,21.52,21.41,,16.96,0.98,10.34,24.69,26.24,24.2,25.99,27.7,29.82,31.72,35.43,39.14,59.01,52.51,51.49,46.26,37.59,37.96,46.03,36.06,29.07,27.61
8/27/2013,TotalLMP,0,25.48,24.8,,22.82,22.3,24.52,28.4,33.05,33.58,31.57,36.74,38.88,37.72,38.59,46.94,56.98,73.13,73.98,57.63,46.01,46.41,64.21,38.72,32.28,33.71
8/28/2013,TotalLMP,0,29.21,27.71,,25.49,25,25.82,30.16,38.36,42.63,38.97,40.13,38.46,37.76,38.14,40.96,39.51,39.27,45.73,47.78,39.16,36.51,41.04,35.77,29.66,28.44
8/29/2013,TotalLMP,0,26.87,24.35,,24.28,23.7,24.34,28.11,33.65,34.2,35.43,33.6,41.22,44.85,38.29,51.21,43.6,61.54,53.81,71.18,41.36,37.98,45.08,36.7,28.61,28.2
4/5/2013,TotalLMP,0,31.21,30.43,,28.38,28.75,30.72,30.45,46.59,37.54,38.74,40.79,33.67,40.87,39.91,36.69,30.56,29.04,29.23,28.68,27.28,28.06,33.23,32.36,32.41,32.96
4/6/2013,TotalLMP,0,30.74,30.62,,33,31,32.12,32.39,32.74,39.22,52.99,43.6,41.84,31.44,32.41,28.67,28.4,28.46,29.13,29.26,28.63,31.95,48.58,34.86,28.12,26.23
4/7/2013,TotalLMP,0,26.02,26.26,,25.97,25,25.39,25.59,26.62,26.39,28.35,29.91,29.73,29.4,28.97,28.93,28.7,27.9,28.11,29.06,29.2,36.74,44.18,36.12,28.63,27.07
4/8/2013,TotalLMP,0,25.54,26.49,,26.06,25.67,25.37,28.95,40.17,39.45,40.68,32.25,40.04,41.01,41.27,47.48,49.03,43.98,55.11,46.18,31.84,44.8,49.48,40.8,34.49,27.64
4/9/2013,TotalLMP,0,25.74,25.5,,9.21,22.8,24.27,25.74,30.45,28.85,31.01,30.67,33.02,34.59,37.06,33.95,34.49,34.85,39.45,48.17,42.83,47.14,125.72,38.28,32.18,28.47
4/10/2013,TotalLMP,0,26.19,26.64,,25.65,24.8,25.95,30.43,32.49,36.35,42.45,58.72,91.22,42.55,50.04,83.7,70.38,101.53,130.1,35.25,40.82,48.07,43.63,70.51,31.05,37.53
4/11/2013,TotalLMP,0,28.89,30.71,,26.01,25.3,26,30.53,37.82,39.14,72.36,41.01,41.5,43.53,41.21,50.07,42.59,50.68,49.2,41.74,43.45,41.2,42.09,40.28,30.03,44.02
4/19/2013,TotalLMP,0,29.59,26,,25.12,24.32,25.4,29.24,51.76,37.5,39.74,43.81,40.5,40.51,40.91,45.45,41.17,43.29,41.18,38.9,39.73,37.29,38,41.08,31.1,31.35
4/20/2013,TotalLMP,0,31.44,37.62,,31.64,31.57,30.96,33.32,34.17,39.2,50.71,48.39,51.86,41.56,41.27,36.94,33.1,33.03,32.69,32.99,32.41,31.58,50.52,47.51,42.72,41.51
4/21/2013,TotalLMP,0,33.62,33.32,,33.2,33.34,33.89,33.58,33.24,34.14,32.46,34.33,36.42,34.69,32.77,32.44,32.25,31.81,31.59,32.61,30.86,32.85,48.39,38.96,34.49,31.66
4/22/2013,TotalLMP,0,30.26,30.61,,29.08,28.71,28.08,36.63,59.84,53.96,42.51,43.6,66.53,48.18,51.72,52.14,41.12,40.98,43.95,36.89,35.24,34.3,50.15,40.71,31.09,31.1
4/23/2013,TotalLMP,0,34.66,29.52,,28.81,29.13,30.14,39.24,46.19,42.23,48.65,41.81,44.14,38.16,44.32,49.89,73.95,64.09,42.99,42.58,38.83,39.47,51.18,40.67,32.76,32.94
4/24/2013,TotalLMP,0,28.63,28.53,,26.76,26.9,28.17,30.32,54.19,50.8,44.04,44.7,59.24,50.51,46.79,42.97,48.23,48.8,44.69,42.24,41.61,33.43,40.61,46.21,32.98,32.3
4/25/2013,TotalLMP,0,24.94,24.63,,24.7,24.77,25.62,26.14,35.19,32.25,35.31,34.61,37.32,34.37,37.66,38.39,38.25,34.16,37.53,34.95,32.93,31.19,66.13,43.53,32.99,30.86
