PUBLISHDATE,VERSION,ZONE,PNODEID,PNODENAME,PNODETYPE,PRICINGTYPE,H1,H2,H2DST,H3,H4,H5,H6,H7,H8,H9,H10,H11,H12,H13,H14,H15,H16,H17,H18,H19,H20,H21,H22,H23,H24
01-03-2014,0,PECO,48823,BARBADOS35 KV   ABU2,BUS,TotalLMP,111.03,145.02,,225.17,30.42,38.92,54.82,128.77,278.96,170.09,169.06,219.34,184.47,173.6,178.67,110.66,118.4,138.11,482.31,299.05,204.31,251.84,395.94,162.03,191.69
01-04-2014,0,PECO,48823,BARBADOS35 KV   ABU2,BUS,TotalLMP,166.74,202.04,,194.85,390.12,281.35,172.04,104.61,139.78,187.63,154.12,124.55,68.71,56.55,43.74,46.09,33.49,47.87,46.88,40.24,53.01,57.45,50.35,41.77,33.21
01-05-2014,0,PECO,48823,BARBADOS35 KV   ABU2,BUS,TotalLMP,33.84,54.47,,70.33,57.62,48.62,70.17,77.87,50.77,83.87,108.78,109.81,93.35,79.52,69.28,83.23,84.43,83.94,88.46,63.92,66.87,59.94,38.5,32.5,31.01
01-06-2014,0,PECO,48823,BARBADOS35 KV   ABU2,BUS,TotalLMP,27.58,26.98,,26.01,21.44,26.41,28.51,47.93,54.21,44.03,83.97,152.09,148.5,109.48,83.18,79.02,60.3,92.43,487.09,501.62,793.59,804.92,194.64,299.81,326.68
01-07-2014,0,PECO,48823,BARBADOS35 KV   ABU2,BUS,TotalLMP,320.43,420.5,,427.96,279.22,473.23,483.38,1020.14,1718.58,1804.58,1766.82,1771.36,1441.62,468.36,529.65,406.5,277.52,307.94,1173.41,595.15,690.61,568.17,393.09,280.86,266.37
01-08-2014,0,PECO,48823,BARBADOS35 KV   ABU2,BUS,TotalLMP,196.76,193.08,,182.86,129.3,131.8,233.36,519.15,356.92,170.35,198.93,188.69,299.96,144.43,137.84,45.23,112.04,172.01,264.87,172.48,188.27,230.32,141.41,81.98,42.54
01-09-2014,0,PECO,48823,BARBADOS35 KV   ABU2,BUS,TotalLMP,44.95,47.93,,40.13,47.0,45.43,38.2,207.28,123.85,70.7,57.52,40.79,43.51,38.38,32.6,35.07,36.42,35.74,93.77,51.61,54.26,47.26,41.48,34.63,32.5
07-05-2013,0,PECO,48823,BARBADOS35 KV   ABU2,BUS,TotalLMP,31.11,29.41,,23.06,22.7,22.78,26.37,25.78,28.95,32.15,38.42,44.27,34.82,50.01,35.75,40.13,48.2,54.41,44.37,33.0,36.86,38.16,40.16,37.93,36.03
07-06-2013,0,PECO,48823,BARBADOS35 KV   ABU2,BUS,TotalLMP,34.43,32.87,,26.43,25.93,24.12,23.51,24.32,28.15,39.64,54.53,153.55,48.68,53.41,56.65,137.33,149.71,140.08,95.38,55.17,49.26,49.5,60.52,39.6,38.33
07-07-2013,0,PECO,48823,BARBADOS35 KV   ABU2,BUS,TotalLMP,34.65,33.35,,27.57,25.48,21.62,19.25,11.03,28.31,31.88,39.67,36.99,38.86,47.46,43.09,50.08,83.66,74.83,48.12,57.37,58.16,46.7,40.17,31.9,33.11
07-08-2013,0,PECO,48823,BARBADOS35 KV   ABU2,BUS,TotalLMP,26.54,26.3,,23.4,19.65,23.72,26.98,28.87,30.69,34.41,35.6,41.0,46.14,51.86,48.23,63.5,76.44,54.61,58.91,58.88,59.7,51.24,50.26,37.76,31.27
07-09-2013,0,PECO,48823,BARBADOS35 KV   ABU2,BUS,TotalLMP,29.69,27.8,,26.16,20.5,26.0,28.38,30.96,36.42,38.07,45.78,46.54,46.71,57.16,48.96,61.04,53.48,52.84,59.8,44.77,61.46,68.68,57.8,39.39,34.94
07-10-2013,0,PECO,48823,BARBADOS35 KV   ABU2,BUS,TotalLMP,33.04,31.22,,29.86,28.09,29.5,34.41,36.56,44.07,51.2,56.68,52.63,54.5,55.27,79.77,55.31,59.68,46.76,58.38,47.89,45.7,54.53,52.04,39.01,33.54
07-11-2013,0,PECO,48823,BARBADOS35 KV   ABU2,BUS,TotalLMP,32.86,31.44,,29.96,27.17,28.04,30.42,31.61,35.07,37.97,36.1,37.39,38.49,46.53,62.36,51.94,77.18,58.15,53.19,50.03,44.87,39.67,41.99,35.73,31.66
10-11-2013,0,PECO,48823,BARBADOS35 KV   ABU2,BUS,TotalLMP,24.72,24.89,,25.28,25.63,24.96,24.41,28.54,29.1,30.22,34.72,35.56,38.78,48.31,38.26,30.7,32.03,32.46,30.66,34.76,39.59,30.78,28.49,27.02,26.85
10-12-2013,0,PECO,48823,BARBADOS35 KV   ABU2,BUS,TotalLMP,26.37,25.3,,23.22,21.72,25.08,26.46,26.46,26.42,25.56,27.43,29.91,28.82,29.42,26.36,29.03,29.97,31.47,30.48,38.67,43.1,33.64,27.84,25.68,23.56
10-13-2013,0,PECO,48823,BARBADOS35 KV   ABU2,BUS,TotalLMP,23.36,21.46,,5.82,17.28,18.19,19.17,23.47,23.38,23.63,23.92,24.54,24.71,27.03,26.08,26.07,28.23,29.09,29.36,35.03,36.97,31.29,27.94,27.57,29.74
10-14-2013,0,PECO,48823,BARBADOS35 KV   ABU2,BUS,TotalLMP,23.69,21.11,,15.66,22.85,21.44,24.65,27.21,33.82,29.88,33.28,34.58,30.89,32.14,37.6,35.29,32.74,49.63,34.29,42.46,56.95,34.29,30.52,27.68,25.41
10-15-2013,0,PECO,48823,BARBADOS35 KV   ABU2,BUS,TotalLMP,25.4,26.43,,24.27,23.79,26.24,28.06,53.24,74.66,35.86,39.57,66.24,42.93,39.66,52.49,32.66,31.79,32.07,34.32,39.08,58.85,34.06,33.78,27.3,27.0
10-16-2013,0,PECO,48823,BARBADOS35 KV   ABU2,BUS,TotalLMP,24.99,25.45,,23.85,24.03,25.46,26.94,31.46,39.12,39.89,41.49,39.94,34.21,33.73,36.8,33.82,33.06,33.41,33.47,39.42,56.82,37.1,35.25,30.45,29.38
10-17-2013,0,PECO,48823,BARBADOS35 KV   ABU2,BUS,TotalLMP,26.92,25.9,,25.57,25.58,26.05,26.46,39.25,53.68,44.16,40.84,38.32,38.8,52.05,35.1,34.33,35.21,33.92,35.69,42.45,52.02,27.78,33.32,29.52,27.37
06-14-2013,0,PECO,48823,BARBADOS35 KV   ABU2,BUS,TotalLMP,24.61,25.42,,23.43,10.13,23.62,27.37,26.37,28.52,29.45,30.7,32.55,32.5,31.47,32.66,32.16,44.74,36.74,37.44,36.45,32.59,30.68,31.19,29.25,26.06
06-15-2013,0,PECO,48823,BARBADOS35 KV   ABU2,BUS,TotalLMP,25.16,25.33,,26.08,7.36,17.54,24.48,23.46,30.21,29.73,31.8,33.73,40.08,40.63,42.9,39.53,43.71,42.37,44.1,39.36,36.28,36.03,39.24,31.35,30.18
06-16-2013,0,PECO,48823,BARBADOS35 KV   ABU2,BUS,TotalLMP,27.95,27.63,,25.39,23.49,21.31,15.86,2.67,20.64,26.1,26.4,28.24,34.48,41.51,37.56,38.56,37.54,36.65,37.3,39.19,39.88,43.67,64.98,39.06,32.57
06-17-2013,0,PECO,48823,BARBADOS35 KV   ABU2,BUS,TotalLMP,28.67,27.59,,26.67,25.45,26.51,28.03,29.24,31.07,35.27,49.24,64.66,66.45,65.98,98.65,92.0,64.82,67.91,58.17,50.46,49.42,55.45,68.5,43.06,34.11
06-18-2013,0,PECO,48823,BARBADOS35 KV   ABU2,BUS,TotalLMP,29.76,28.95,,26.04,25.75,26.45,30.82,27.57,30.06,36.17,34.71,41.23,41.82,39.63,38.27,38.56,38.46,37.15,33.51,33.41,31.07,30.16,28.78,25.83,23.18
06-19-2013,0,PECO,48823,BARBADOS35 KV   ABU2,BUS,TotalLMP,25.51,25.49,,23.95,23.57,23.48,25.07,23.18,26.23,27.89,29.03,30.13,30.92,32.54,36.65,37.09,35.29,42.58,43.02,42.26,33.15,30.58,30.84,27.86,25.31
06-20-2013,0,PECO,48823,BARBADOS35 KV   ABU2,BUS,TotalLMP,21.55,16.31,,22.74,19.08,22.99,23.66,24.69,26.19,28.55,30.35,34.62,36.15,39.15,49.1,46.28,45.65,62.47,54.76,43.52,46.21,37.15,33.99,31.84,28.63
05-24-2013,0,PECO,48823,BARBADOS35 KV   ABU2,BUS,TotalLMP,27.69,32.4,,25.37,25.05,25.51,25.98,28.59,33.07,37.77,40.78,37.42,35.57,34.63,33.63,33.16,32.0,31.39,31.73,30.48,29.17,31.06,30.26,26.1,22.53
05-25-2013,0,PECO,48823,BARBADOS35 KV   ABU2,BUS,TotalLMP,24.87,26.93,,24.51,18.76,24.94,24.46,13.96,24.93,29.41,32.31,31.61,31.62,30.08,26.75,25.77,26.74,27.08,28.73,28.52,27.95,32.82,33.75,26.95,18.98
05-26-2013,0,PECO,48823,BARBADOS35 KV   ABU2,BUS,TotalLMP,24.8,24.34,,11.83,21.41,26.4,22.76,6.3,22.97,29.36,29.34,26.41,26.1,26.42,26.66,26.2,26.06,27.05,30.07,29.51,25.86,28.49,31.48,25.96,13.42
05-27-2013,0,PECO,48823,BARBADOS35 KV   ABU2,BUS,TotalLMP,16.86,8.1,,20.74,16.44,1.24,9.42,1.03,14.1,25.2,26.65,27.41,31.18,31.57,31.56,31.97,32.48,31.73,33.37,32.52,31.56,41.31,39.64,29.88,23.43
05-28-2013,0,PECO,48823,BARBADOS35 KV   ABU2,BUS,TotalLMP,14.22,25.94,,24.32,23.84,25.37,24.18,31.34,32.83,34.13,35.79,36.26,43.79,40.24,33.12,39.53,62.04,22.24,33.34,44.59,44.93,46.99,44.16,35.26,33.0
05-29-2013,0,PECO,48823,BARBADOS35 KV   ABU2,BUS,TotalLMP,30.39,26.7,,22.87,24.05,23.22,21.98,26.6,30.43,32.91,36.73,37.93,35.52,40.27,48.84,54.16,46.74,64.7,75.14,54.51,56.95,67.02,95.1,37.86,33.65
05-30-2013,0,PECO,48823,BARBADOS35 KV   ABU2,BUS,TotalLMP,32.36,31.14,,22.91,10.72,23.39,26.8,29.6,38.82,37.75,45.08,48.11,59.44,52.44,75.85,71.87,99.14,97.2,50.94,54.07,50.98,52.74,90.63,47.2,43.91
05-31-2013,0,PECO,48823,BARBADOS35 KV   ABU2,BUS,TotalLMP,37.13,32.42,,29.3,26.92,25.8,31.44,35.46,62.83,49.48,49.92,109.48,50.57,68.24,103.4,61.08,89.78,95.78,73.39,52.91,44.52,45.47,43.23,32.82,30.0
06-01-2013,0,PECO,48823,BARBADOS35 KV   ABU2,BUS,TotalLMP,32.47,31.3,,27.1,14.33,25.77,25.02,25.35,33.36,35.54,47.34,70.16,71.79,44.8,51.99,54.96,86.79,117.1,79.36,51.96,58.55,54.03,47.13,38.55,34.94
06-02-2013,0,PECO,48823,BARBADOS35 KV   ABU2,BUS,TotalLMP,30.45,30.34,,28.05,25.98,22.96,12.67,8.79,28.12,31.06,34.12,60.13,106.45,69.49,104.41,90.16,38.47,58.36,97.76,148.97,148.38,114.49,44.27,37.98,44.55
06-03-2013,0,PECO,48823,BARBADOS35 KV   ABU2,BUS,TotalLMP,32.59,27.9,,25.85,24.98,26.63,29.72,32.08,34.52,35.73,39.56,47.13,61.62,47.68,82.23,56.18,49.4,45.79,46.52,48.16,49.31,36.12,44.24,31.98,28.49
06-04-2013,0,PECO,48823,BARBADOS35 KV   ABU2,BUS,TotalLMP,28.22,27.77,,24.82,24.11,24.18,27.39,28.37,33.14,33.1,34.78,36.45,36.15,36.55,43.27,41.66,41.45,51.56,43.84,36.23,33.44,38.33,41.82,31.29,29.22
06-05-2013,0,PECO,48823,BARBADOS35 KV   ABU2,BUS,TotalLMP,25.57,24.27,,16.21,14.08,24.62,26.52,30.07,30.64,31.06,33.22,34.44,38.58,37.45,40.75,44.26,78.97,96.57,44.63,39.75,36.15,40.49,40.77,32.53,31.33
06-06-2013,0,PECO,48823,BARBADOS35 KV   ABU2,BUS,TotalLMP,29.9,28.91,,25.74,24.56,26.55,30.95,32.95,34.23,41.52,41.82,43.24,40.89,43.58,37.79,36.55,34.55,35.84,35.84,35.61,35.48,36.08,34.38,30.55,30.81
06-07-2013,0,PECO,48823,BARBADOS35 KV   ABU2,BUS,TotalLMP,27.18,25.04,,23.98,23.69,24.54,31.27,28.62,30.7,34.83,36.98,37.65,36.73,37.59,36.19,33.19,31.66,31.46,31.78,29.88,28.68,29.18,29.27,27.6,24.85
06-08-2013,0,PECO,48823,BARBADOS35 KV   ABU2,BUS,TotalLMP,23.5,28.13,,22.97,17.44,25.09,23.85,22.37,25.39,26.9,30.93,30.84,33.84,32.89,34.25,33.84,35.14,38.82,45.6,37.44,35.62,33.03,37.23,32.07,28.93
06-09-2013,0,PECO,48823,BARBADOS35 KV   ABU2,BUS,TotalLMP,25.66,24.68,,22.95,15.47,7.5,2.18,2.43,18.33,26.18,27.97,31.98,34.11,34.95,40.17,38.93,37.44,36.22,38.94,37.86,37.76,38.53,41.28,34.8,31.94
06-10-2013,0,PECO,48823,BARBADOS35 KV   ABU2,BUS,TotalLMP,26.21,26.59,,24.53,24.26,24.28,27.28,24.59,29.13,32.55,34.24,35.78,36.46,36.46,38.8,36.44,33.99,34.54,35.72,35.89,33.32,32.78,32.02,27.71,26.89
06-11-2013,0,PECO,48823,BARBADOS35 KV   ABU2,BUS,TotalLMP,24.42,24.56,,22.56,1.72,24.45,27.26,26.0,27.07,31.23,63.19,47.71,42.82,51.75,50.13,51.29,53.28,53.16,43.91,35.81,36.29,37.16,44.98,32.14,27.31
06-12-2013,0,PECO,48823,BARBADOS35 KV   ABU2,BUS,TotalLMP,25.76,24.34,,19.79,8.57,24.75,26.49,27.49,27.4,31.83,35.6,68.58,40.54,47.5,59.61,230.8,56.17,74.73,56.68,46.62,50.45,86.16,69.77,37.82,39.81
06-13-2013,0,PECO,48823,BARBADOS35 KV   ABU2,BUS,TotalLMP,31.03,30.05,,26.14,23.85,24.75,27.47,28.77,32.56,35.53,35.2,36.2,37.3,39.58,45.87,41.57,37.51,34.82,34.77,34.61,33.29,31.64,30.63,27.28,24.91
11-01-2013,0,PECO,48823,BARBADOS35 KV   ABU2,BUS,TotalLMP,20.35,22.38,,21.37,19.76,22.39,23.79,28.08,32.31,31.22,33.13,44.03,37.11,32.38,31.89,30.62,35.28,41.54,41.82,41.23,29.03,34.19,29.54,26.7,26.48
11-02-2013,0,PECO,48823,BARBADOS35 KV   ABU2,BUS,TotalLMP,26.51,26.22,,25.82,24.77,25.95,26.97,27.86,27.83,30.27,32.53,38.69,34.7,32.33,29.08,28.64,27.65,28.94,30.18,48.04,32.98,34.12,29.09,27.34,26.0
11-03-2013,0,PECO,48823,BARBADOS35 KV   ABU2,BUS,TotalLMP,26.44,25.7,24.21,24.53,24.34,25.03,27.99,29.01,29.61,31.69,32.01,29.15,28.74,28.04,26.68,27.33,27.18,26.73,37.75,37.22,32.99,34.01,28.99,27.74,29.0
11-04-2013,0,PECO,48823,BARBADOS35 KV   ABU2,BUS,TotalLMP,27.68,27.69,,27.54,28.02,28.88,30.66,42.66,39.82,36.99,31.87,35.27,37.94,34.86,37.5,33.64,46.08,47.09,82.25,89.77,61.02,47.77,35.0,30.21,28.36
11-05-2013,0,PECO,48823,BARBADOS35 KV   ABU2,BUS,TotalLMP,28.19,27.29,,26.63,26.52,27.35,29.32,52.91,41.31,34.84,34.81,42.52,34.27,35.59,34.56,33.84,32.8,42.31,49.48,49.48,35.65,45.88,31.5,26.71,25.74
11-06-2013,0,PECO,48823,BARBADOS35 KV   ABU2,BUS,TotalLMP,26.12,25.25,,22.75,24.61,25.04,25.08,34.99,29.48,29.06,29.98,32.75,31.79,31.85,31.67,30.63,29.89,31.52,55.99,32.87,32.41,30.85,27.47,26.06,23.86
11-07-2013,0,PECO,48823,BARBADOS35 KV   ABU2,BUS,TotalLMP,24.48,23.36,,22.62,21.8,25.52,26.32,29.51,30.0,31.92,32.89,34.73,33.92,34.3,34.63,32.51,30.89,31.69,52.15,52.24,35.78,37.32,33.76,28.45,29.38
06-28-2013,0,PECO,48823,BARBADOS35 KV   ABU2,BUS,TotalLMP,35.45,32.91,,27.27,25.59,26.43,28.25,27.8,42.0,43.54,52.35,61.65,51.92,73.04,57.01,72.1,62.39,47.87,35.47,38.7,36.18,30.89,35.56,30.72,28.96
06-29-2013,0,PECO,48823,BARBADOS35 KV   ABU2,BUS,TotalLMP,27.58,29.17,,23.59,23.64,24.05,23.15,24.08,26.1,28.69,30.12,37.65,53.81,37.79,76.36,42.65,43.64,87.95,127.9,28.81,26.78,45.19,45.5,35.85,35.35
06-30-2013,0,PECO,48823,BARBADOS35 KV   ABU2,BUS,TotalLMP,32.19,29.99,,26.7,25.1,23.52,24.72,22.74,25.32,26.3,27.87,33.28,43.74,38.06,47.15,41.86,41.85,46.36,50.82,38.9,38.46,38.92,36.05,31.4,29.0
07-01-2013,0,PECO,48823,BARBADOS35 KV   ABU2,BUS,TotalLMP,26.24,24.6,,23.03,18.51,20.13,25.85,24.95,27.01,29.85,32.3,32.3,33.19,33.92,34.52,34.32,37.3,40.22,40.38,35.14,34.27,33.24,31.47,27.01,27.13
07-02-2013,0,PECO,48823,BARBADOS35 KV   ABU2,BUS,TotalLMP,25.45,25.16,,14.15,14.0,21.7,25.65,26.59,27.74,30.49,33.3,37.58,48.97,44.93,48.61,58.49,53.7,58.42,47.48,42.62,38.01,42.45,38.25,30.53,29.61
07-03-2013,0,PECO,48823,BARBADOS35 KV   ABU2,BUS,TotalLMP,27.68,26.45,,22.91,17.1,23.24,28.0,28.25,29.63,39.56,40.36,45.94,53.46,72.36,69.36,78.32,81.11,64.97,54.66,40.89,44.02,38.73,36.88,45.53,34.02
07-04-2013,0,PECO,48823,BARBADOS35 KV   ABU2,BUS,TotalLMP,29.9,25.63,,23.92,24.52,19.99,25.34,15.63,22.84,26.31,29.67,40.01,48.36,46.45,44.66,65.71,85.17,102.71,54.18,39.85,36.4,32.25,32.13,35.07,33.08
09-20-2013,0,PECO,48823,BARBADOS35 KV   ABU2,BUS,TotalLMP,23.45,26.92,,25.01,24.3,25.3,27.26,39.07,31.89,31.08,33.57,36.16,47.95,46.47,63.82,40.95,39.96,41.69,36.08,35.47,54.24,42.13,30.41,28.42,26.76
09-21-2013,0,PECO,48823,BARBADOS35 KV   ABU2,BUS,TotalLMP,25.98,25.46,,24.37,23.58,23.48,24.93,25.06,24.82,28.54,30.72,30.05,31.15,29.03,29.34,28.53,27.33,29.22,29.57,30.1,46.1,34.43,30.85,28.26,22.84
09-22-2013,0,PECO,48823,BARBADOS35 KV   ABU2,BUS,TotalLMP,26.15,24.95,,10.86,19.07,22.31,21.26,25.36,24.19,25.36,26.82,25.32,26.72,27.49,27.88,27.13,26.67,27.34,27.11,28.1,41.77,32.14,26.11,19.9,21.54
09-23-2013,0,PECO,48823,BARBADOS35 KV   ABU2,BUS,TotalLMP,10.24,4.02,,9.9,10.04,23.17,27.86,27.56,27.7,28.19,31.44,29.62,29.28,30.31,35.36,29.05,26.47,29.08,29.83,30.11,32.3,33.08,26.36,22.49,23.96
09-24-2013,0,PECO,48823,BARBADOS35 KV   ABU2,BUS,TotalLMP,18.25,21.98,,20.52,22.2,24.0,26.88,38.79,29.86,28.88,31.79,30.87,30.15,31.15,29.73,30.8,30.98,34.1,30.83,30.07,51.82,33.12,27.44,23.49,24.38
09-25-2013,0,PECO,48823,BARBADOS35 KV   ABU2,BUS,TotalLMP,19.34,23.54,,22.54,22.49,23.71,26.37,29.83,31.17,27.38,29.63,31.36,37.76,30.44,36.05,30.04,28.22,35.2,31.4,29.66,37.64,32.82,27.69,26.35,24.02
09-26-2013,0,PECO,48823,BARBADOS35 KV   ABU2,BUS,TotalLMP,21.38,19.87,,20.98,21.56,23.47,26.1,34.44,31.33,28.91,30.86,32.39,33.4,37.71,36.29,36.38,30.66,30.04,29.76,30.99,43.38,39.75,30.72,26.79,25.96
04-01-2013,0,PECO,48823,BARBADOS35 KV   ABU2,BUS,TotalLMP,25.0,25.73,,24.58,24.47,25.07,27.73,31.71,30.46,32.23,36.5,29.42,31.83,30.62,29.29,27.98,25.84,25.85,25.02,24.63,26.37,34.36,33.62,31.12,28.5
04-02-2013,0,PECO,48823,BARBADOS35 KV   ABU2,BUS,TotalLMP,27.33,28.01,,27.66,28.37,29.2,32.72,40.01,41.17,38.57,31.41,37.33,33.5,33.99,32.37,30.92,28.65,27.84,27.67,29.74,36.43,78.07,43.9,36.43,34.91
04-03-2013,0,PECO,48823,BARBADOS35 KV   ABU2,BUS,TotalLMP,34.34,32.63,,33.27,33.77,33.1,35.71,67.27,66.31,48.88,31.45,37.01,37.63,27.11,29.38,28.84,25.01,29.21,30.88,31.1,25.64,61.1,35.8,35.95,32.58
04-04-2013,0,PECO,48823,BARBADOS35 KV   ABU2,BUS,TotalLMP,31.51,32.11,,30.88,31.05,32.39,40.74,71.29,64.92,40.78,39.88,56.64,39.78,34.18,35.89,36.03,31.75,31.95,28.66,32.14,42.91,47.86,48.53,30.55,30.43
11-22-2013,0,PECO,48823,BARBADOS35 KV   ABU2,BUS,TotalLMP,27.86,26.8,,24.56,26.19,25.86,22.93,29.44,35.95,49.85,42.69,46.8,42.44,32.64,32.76,31.14,31.42,33.97,46.78,39.18,30.68,30.89,30.31,27.91,26.42
11-23-2013,0,PECO,48823,BARBADOS35 KV   ABU2,BUS,TotalLMP,26.76,25.18,,25.03,24.51,25.44,26.57,27.72,27.03,27.71,29.68,27.93,28.08,28.27,28.72,28.41,28.15,30.55,51.88,44.61,40.33,38.52,33.14,32.62,32.29
11-24-2013,0,PECO,48823,BARBADOS35 KV   ABU2,BUS,TotalLMP,30.95,29.96,,30.8,31.47,31.17,31.17,31.4,35.25,45.43,48.05,45.0,42.09,46.96,35.02,34.41,30.74,64.98,52.23,42.86,41.79,39.55,39.72,34.64,33.01
11-25-2013,1,PECO,48823,BARBADOS35 KV   ABU2,BUS,TotalLMP,33.51,32.57,,31.95,32.48,31.3,37.51,59.32,48.99,48.29,35.35,44.36,33.4,35.02,32.89,34.72,39.41,40.6,47.31,44.0,35.14,34.13,34.48,29.41,30.16
11-26-2013,0,PECO,48823,BARBADOS35 KV   ABU2,BUS,TotalLMP,29.06,27.29,,26.98,26.42,25.33,24.2,28.11,30.53,33.86,33.18,38.02,57.4,40.02,48.48,39.89,38.7,57.43,42.01,33.23,32.04,32.47,29.88,27.35,26.45
11-27-2013,0,PECO,48823,BARBADOS35 KV   ABU2,BUS,TotalLMP,26.13,26.42,,26.14,25.77,26.16,26.06,27.67,33.71,35.86,40.18,45.87,57.86,48.71,51.41,40.49,38.33,61.08,79.97,47.15,47.26,58.73,32.18,34.05,34.06
11-28-2013,0,PECO,48823,BARBADOS35 KV   ABU2,BUS,TotalLMP,37.56,35.57,,31.42,26.52,29.24,23.32,30.4,30.63,35.43,56.72,46.33,36.78,30.32,24.84,25.43,25.43,25.4,28.3,25.66,25.4,28.28,32.08,31.03,30.82
11-08-2013,0,PECO,48823,BARBADOS35 KV   ABU2,BUS,TotalLMP,27.51,26.4,,26.28,26.8,27.85,27.92,33.67,37.5,33.87,33.05,37.44,40.59,39.97,33.07,31.94,31.65,33.39,66.15,56.08,52.25,52.3,39.14,30.5,30.36
11-09-2013,0,PECO,48823,BARBADOS35 KV   ABU2,BUS,TotalLMP,32.63,42.87,,32.11,33.97,33.83,31.7,29.53,29.45,34.68,44.86,28.74,26.67,26.82,26.93,26.53,27.87,30.78,49.53,30.95,29.25,29.14,26.16,25.86,25.79
11-10-2013,0,PECO,48823,BARBADOS35 KV   ABU2,BUS,TotalLMP,25.16,24.74,,24.86,24.81,24.14,25.18,25.59,24.01,24.5,24.31,24.31,25.45,25.75,25.84,25.58,25.65,26.51,57.44,38.04,47.79,32.17,26.69,24.92,24.19
11-11-2013,0,PECO,48823,BARBADOS35 KV   ABU2,BUS,TotalLMP,24.59,24.58,,25.5,25.51,25.85,27.28,33.5,29.75,30.46,30.61,32.43,31.82,29.47,29.29,28.06,29.62,45.1,95.69,34.06,33.28,34.26,30.4,27.11,24.64
11-12-2013,0,PECO,48823,BARBADOS35 KV   ABU2,BUS,TotalLMP,24.41,24.71,,24.47,24.92,25.35,25.79,28.55,29.35,31.36,31.98,33.66,36.76,33.41,34.48,35.01,41.18,48.43,60.53,55.08,65.78,63.56,36.61,34.09,31.4
11-13-2013,0,PECO,48823,BARBADOS35 KV   ABU2,BUS,TotalLMP,35.83,39.74,,40.27,39.2,34.03,35.8,57.21,46.72,33.35,37.68,36.85,35.25,33.29,31.31,28.99,30.21,39.76,138.17,34.85,41.2,54.53,43.27,34.98,33.78
11-14-2013,0,PECO,48823,BARBADOS35 KV   ABU2,BUS,TotalLMP,29.88,32.94,,39.45,35.58,34.84,50.93,109.17,38.88,38.56,34.07,31.8,28.37,26.14,25.59,19.12,23.97,27.43,110.18,27.45,31.24,31.9,28.65,26.69,25.05
06-21-2013,0,PECO,48823,BARBADOS35 KV   ABU2,BUS,TotalLMP,25.18,24.92,,6.73,11.67,23.23,22.69,23.72,26.49,28.89,30.54,34.9,42.39,39.76,41.38,45.82,47.58,47.85,40.45,35.52,34.32,33.33,31.63,30.55,29.58
06-22-2013,0,PECO,48823,BARBADOS35 KV   ABU2,BUS,TotalLMP,28.07,24.48,,24.82,8.3,0.43,0.34,1.77,26.51,28.26,28.32,31.69,42.33,43.74,44.07,40.35,38.26,40.94,40.7,37.57,36.4,36.79,33.81,29.95,29.51
06-23-2013,0,PECO,48823,BARBADOS35 KV   ABU2,BUS,TotalLMP,28.0,26.73,,22.58,15.52,15.05,0.69,1.03,18.82,28.47,28.52,31.3,48.19,48.49,50.59,62.37,69.67,56.5,50.87,50.09,50.07,46.42,46.29,36.0,33.13
06-24-2013,0,PECO,48823,BARBADOS35 KV   ABU2,BUS,TotalLMP,31.58,29.04,,25.93,26.41,26.95,26.95,26.01,29.37,44.03,49.08,56.38,54.78,86.07,74.97,110.87,133.68,87.34,62.59,52.6,49.85,42.81,41.6,34.64,34.69
06-25-2013,0,PECO,48823,BARBADOS35 KV   ABU2,BUS,TotalLMP,29.04,26.35,,24.98,24.45,24.5,25.37,28.29,27.96,32.02,35.73,44.72,57.16,55.04,62.48,74.31,64.39,55.8,65.4,50.15,53.21,88.61,82.78,40.49,39.11
06-26-2013,0,PECO,48823,BARBADOS35 KV   ABU2,BUS,TotalLMP,29.62,27.46,,23.25,21.04,20.91,25.2,27.64,29.06,35.7,42.89,50.37,43.16,50.68,70.04,60.13,54.66,60.01,57.93,40.54,37.97,41.63,49.29,34.48,32.22
06-27-2013,0,PECO,48823,BARBADOS35 KV   ABU2,BUS,TotalLMP,33.26,27.85,,23.67,23.7,24.46,27.86,27.96,30.51,38.44,44.91,69.87,102.14,55.3,60.43,66.04,77.61,68.95,47.81,40.73,39.88,41.47,41.71,31.2,30.5
07-26-2013,0,PECO,48823,BARBADOS35 KV   ABU2,BUS,TotalLMP,23.57,22.47,,1.35,0.0,22.07,25.62,23.7,26.78,28.59,31.24,36.11,36.5,38.36,47.36,46.92,53.38,60.82,53.45,43.28,35.08,36.67,35.89,30.32,25.41
07-27-2013,0,PECO,48823,BARBADOS35 KV   ABU2,BUS,TotalLMP,26.57,28.16,,24.48,23.28,23.76,25.07,23.59,25.96,26.25,31.67,35.93,38.33,39.52,42.81,46.31,48.26,47.77,37.69,34.33,32.97,36.1,33.48,28.31,27.14
07-28-2013,0,PECO,48823,BARBADOS35 KV   ABU2,BUS,TotalLMP,17.66,21.09,,25.67,23.4,15.06,23.5,18.5,12.1,24.81,26.36,29.87,30.77,34.01,37.07,67.02,79.0,39.55,62.29,36.47,41.54,38.64,44.47,28.04,26.6
07-29-2013,0,PECO,48823,BARBADOS35 KV   ABU2,BUS,TotalLMP,24.62,25.16,,24.66,23.8,23.88,25.74,25.64,27.2,29.11,30.7,34.73,35.8,47.34,70.87,48.78,61.03,49.68,45.24,38.19,35.67,34.37,32.62,23.71,25.55
07-30-2013,0,PECO,48823,BARBADOS35 KV   ABU2,BUS,TotalLMP,22.89,19.91,,16.53,2.14,10.21,25.24,24.74,25.81,28.57,30.3,34.19,37.33,36.48,35.07,35.56,36.55,38.52,37.33,36.21,35.03,35.18,34.39,28.14,27.97
07-31-2013,0,PECO,48823,BARBADOS35 KV   ABU2,BUS,TotalLMP,25.58,24.39,,24.18,22.37,24.15,24.67,26.24,25.74,26.42,29.69,35.29,36.78,39.63,34.69,35.09,35.03,35.7,35.48,34.25,33.53,34.93,34.78,29.13,27.32
08-01-2013,0,PECO,48823,BARBADOS35 KV   ABU2,BUS,TotalLMP,25.47,22.43,,22.55,21.66,23.38,26.32,27.36,27.1,29.35,31.35,33.65,33.22,32.89,33.35,32.85,31.43,32.57,32.13,32.43,32.49,33.13,33.28,27.29,25.24
04-05-2013,0,PECO,48823,BARBADOS35 KV   ABU2,BUS,TotalLMP,32.08,31.29,,29.31,29.36,31.6,31.28,51.2,41.22,42.3,40.91,34.28,28.61,24.36,24.77,30.37,29.27,29.41,28.85,27.42,27.97,29.74,32.21,33.06,33.75
04-06-2013,0,PECO,48823,BARBADOS35 KV   ABU2,BUS,TotalLMP,31.45,31.21,,33.42,32.24,32.93,33.32,33.86,36.93,57.44,44.84,39.0,32.8,33.88,30.1,29.52,29.51,30.06,30.32,29.48,33.19,50.35,36.32,29.22,27.19
04-07-2013,0,PECO,48823,BARBADOS35 KV   ABU2,BUS,TotalLMP,26.97,27.19,,26.56,24.79,26.18,26.5,27.67,27.34,29.28,30.71,30.44,29.98,29.48,29.34,29.14,28.28,28.55,29.65,29.85,38.79,46.25,36.96,29.57,27.46
04-08-2013,0,PECO,48823,BARBADOS35 KV   ABU2,BUS,TotalLMP,28.94,26.75,,26.14,26.07,25.46,29.12,40.4,39.79,41.04,32.68,40.69,41.65,42.0,48.22,49.66,44.58,55.84,46.98,32.44,45.91,51.94,41.38,34.78,28.06
04-09-2013,0,PECO,48823,BARBADOS35 KV   ABU2,BUS,TotalLMP,26.13,25.43,,9.16,22.46,24.03,23.92,30.13,28.79,31.35,31.21,33.61,35.34,40.05,35.49,37.22,39.75,44.27,59.41,49.89,56.98,109.28,40.24,32.82,29.0
04-10-2013,0,PECO,48823,BARBADOS35 KV   ABU2,BUS,TotalLMP,27.38,26.9,,25.8,24.85,26.12,34.6,34.08,44.55,56.7,44.58,50.84,43.12,38.18,43.07,44.08,79.17,26.88,27.66,32.55,48.67,39.91,28.14,20.58,43.07
04-11-2013,0,PECO,48823,BARBADOS35 KV   ABU2,BUS,TotalLMP,29.86,31.86,,26.46,25.71,26.35,30.9,38.27,39.56,72.9,40.91,41.65,45.04,47.41,40.94,38.92,46.84,46.37,40.49,39.61,43.44,42.74,40.49,30.71,55.5
11-15-2013,0,PECO,48823,BARBADOS35 KV   ABU2,BUS,TotalLMP,27.47,26.2,,25.49,25.93,24.09,25.14,59.61,34.4,34.15,36.01,36.31,28.94,33.76,31.01,28.59,29.85,32.94,39.49,34.44,33.01,31.33,28.36,25.8,23.99
11-16-2013,0,PECO,48823,BARBADOS35 KV   ABU2,BUS,TotalLMP,31.74,33.91,,25.96,25.9,25.74,27.46,28.5,26.46,28.61,33.11,32.83,28.35,26.78,25.13,23.95,24.36,28.33,73.87,35.49,37.48,29.95,24.23,23.3,21.71
11-17-2013,0,PECO,48823,BARBADOS35 KV   ABU2,BUS,TotalLMP,21.51,21.55,,11.67,1.02,18.62,19.86,24.34,23.21,24.93,25.96,26.21,26.69,28.54,27.87,26.82,27.19,32.19,49.01,33.33,34.67,31.91,24.65,20.65,21.02
11-18-2013,0,PECO,48823,BARBADOS35 KV   ABU2,BUS,TotalLMP,23.01,20.38,,6.01,8.53,19.91,23.71,29.19,30.5,30.07,30.62,31.39,36.16,35.04,31.36,30.26,29.21,29.52,47.31,51.63,52.3,35.65,30.28,27.57,25.17
11-19-2013,0,PECO,48823,BARBADOS35 KV   ABU2,BUS,TotalLMP,25.42,27.21,,26.82,31.15,29.5,29.24,44.19,32.36,36.96,34.26,33.65,39.94,36.18,37.42,39.25,34.49,58.0,100.34,67.42,53.08,55.56,45.22,32.3,31.74
11-20-2013,1,PECO,48823,BARBADOS35 KV   ABU2,BUS,TotalLMP,31.2,29.34,,28.79,28.54,28.97,32.06,54.86,36.58,43.53,41.16,34.72,37.47,33.57,31.36,31.09,31.23,31.99,40.55,70.54,39.94,67.2,52.35,29.81,29.77
11-21-2013,0,PECO,48823,BARBADOS35 KV   ABU2,BUS,TotalLMP,28.53,27.94,,27.36,27.81,30.77,32.48,51.45,40.13,44.65,35.01,42.55,30.77,29.75,32.59,30.54,30.75,31.6,37.76,32.58,31.56,31.56,30.21,27.12,24.19
12-06-2013,0,PECO,48823,BARBADOS35 KV   ABU2,BUS,TotalLMP,26.64,24.3,,25.65,25.65,26.52,27.48,30.62,42.36,47.88,53.4,47.16,69.54,42.72,43.3,35.68,33.15,40.13,45.05,35.96,37.26,37.28,37.27,33.97,30.87
12-07-2013,0,PECO,48823,BARBADOS35 KV   ABU2,BUS,TotalLMP,30.49,28.95,,28.57,28.78,28.68,29.2,30.32,31.16,32.78,35.67,32.15,35.01,32.84,32.12,30.97,30.09,43.96,75.44,37.8,39.88,39.37,38.96,38.68,37.19
12-08-2013,0,PECO,48823,BARBADOS35 KV   ABU2,BUS,TotalLMP,37.69,44.39,,50.12,36.94,35.27,35.25,31.85,36.17,37.27,44.26,42.46,80.3,55.38,47.48,40.32,41.02,76.88,80.35,66.19,70.3,66.79,54.73,38.34,34.6
12-09-2013,0,PECO,48823,BARBADOS35 KV   ABU2,BUS,TotalLMP,33.31,30.62,,31.48,31.93,31.9,33.04,36.17,40.49,40.89,53.71,45.47,47.17,39.9,39.36,38.18,49.44,61.49,130.19,58.34,60.5,70.54,48.8,38.18,40.66
12-10-2013,0,PECO,48823,BARBADOS35 KV   ABU2,BUS,TotalLMP,34.17,32.78,,31.82,31.07,32.18,34.31,41.9,54.21,42.25,48.56,56.97,50.14,55.49,45.96,38.16,39.24,33.88,100.37,61.62,62.79,51.38,60.93,39.1,43.11
12-11-2013,0,PECO,48823,BARBADOS35 KV   ABU2,BUS,TotalLMP,42.81,39.35,,40.86,42.05,45.94,37.97,73.13,43.11,51.57,46.33,45.44,40.91,42.01,37.72,37.63,38.39,42.62,72.75,54.74,60.22,63.45,55.68,38.64,38.28
12-12-2013,0,PECO,48823,BARBADOS35 KV   ABU2,BUS,TotalLMP,39.57,39.01,,37.84,37.46,41.87,44.16,68.08,70.62,64.07,76.76,36.49,42.58,50.2,42.08,54.18,51.39,59.04,110.18,111.18,110.88,104.17,82.6,46.28,66.74
10-18-2013,0,PECO,48823,BARBADOS35 KV   ABU2,BUS,TotalLMP,29.12,25.13,,24.41,25.05,25.37,-15.65,28.29,35.53,33.07,35.09,42.07,37.64,34.25,39.74,33.49,30.23,32.48,31.14,33.88,35.8,33.49,32.46,30.76,28.46
10-19-2013,0,PECO,48823,BARBADOS35 KV   ABU2,BUS,TotalLMP,29.12,27.18,,25.16,24.83,26.49,26.83,28.51,32.56,33.92,48.92,47.07,34.18,32.57,30.7,29.14,28.8,28.8,28.84,45.23,37.23,38.5,31.29,32.66,27.73
10-20-2013,0,PECO,48823,BARBADOS35 KV   ABU2,BUS,TotalLMP,31.24,28.27,,26.43,23.6,24.35,25.77,27.29,35.21,29.49,28.7,30.71,30.48,29.53,29.26,28.06,27.32,27.89,27.83,50.91,45.91,31.87,30.09,27.99,27.54
10-21-2013,0,PECO,48823,BARBADOS35 KV   ABU2,BUS,TotalLMP,26.58,25.83,,24.3,25.16,26.14,27.72,36.05,37.96,35.65,33.48,39.59,36.4,36.13,36.75,32.34,31.53,33.26,32.13,44.66,49.13,42.15,36.55,29.24,29.03
10-22-2013,0,PECO,48823,BARBADOS35 KV   ABU2,BUS,TotalLMP,28.24,26.43,,25.81,25.41,26.85,27.51,43.73,50.9,47.13,41.69,44.92,52.27,37.5,38.79,34.55,32.9,34.15,33.07,50.72,46.97,37.9,36.23,33.52,30.28
10-23-2013,0,PECO,48823,BARBADOS35 KV   ABU2,BUS,TotalLMP,27.18,26.39,,25.94,25.69,26.01,25.0,29.11,36.92,36.66,38.3,47.04,41.17,37.8,38.45,36.48,36.02,36.74,36.44,52.6,78.84,50.56,37.95,33.39,34.79
10-24-2013,0,PECO,48823,BARBADOS35 KV   ABU2,BUS,TotalLMP,30.64,28.79,,28.37,28.49,29.77,33.67,41.59,50.32,41.2,41.09,38.5,38.47,40.18,44.46,35.88,37.15,36.38,37.21,50.42,40.99,43.61,48.13,36.53,34.08
09-06-2013,0,PECO,48823,BARBADOS35 KV   ABU2,BUS,TotalLMP,26.3,25.05,,23.55,22.35,23.01,25.73,30.43,25.3,26.21,27.25,24.23,26.13,34.06,31.95,26.29,34.45,35.96,29.97,27.14,28.53,30.17,27.28,25.02,25.33
09-07-2013,0,PECO,48823,BARBADOS35 KV   ABU2,BUS,TotalLMP,,,,,,,,,,,,,,,,,,,,,,,,,
09-08-2013,0,PECO,48823,BARBADOS35 KV   ABU2,BUS,TotalLMP,,,,,,,,,,,,,,,,,,,,,,,,,
09-09-2013,0,PECO,48823,BARBADOS35 KV   ABU2,BUS,TotalLMP,28.45,32.05,,23.48,21.97,22.53,26.26,29.49,28.02,28.51,29.15,30.93,37.11,44.37,72.05,45.87,42.62,53.96,33.06,37.27,43.99,44.52,36.5,28.3,26.41
09-10-2013,0,PECO,48823,BARBADOS35 KV   ABU2,BUS,TotalLMP,26.43,22.7,,23.35,23.46,25.1,27.93,41.68,37.55,36.95,51.52,54.07,51.3,63.18,96.62,79.32,108.0,213.83,160.42,63.07,57.43,89.73,49.84,31.27,30.75
09-11-2013,0,PECO,48823,BARBADOS35 KV   ABU2,BUS,TotalLMP,32.51,32.11,,28.47,27.45,27.52,32.79,59.9,58.23,53.86,59.39,54.04,92.74,119.31,271.98,198.91,54.75,260.26,89.35,86.38,79.87,64.16,36.73,31.88,27.84
09-12-2013,0,PECO,48823,BARBADOS35 KV   ABU2,BUS,TotalLMP,15.06,28.51,,26.56,26.61,27.15,26.32,47.61,42.27,55.08,30.96,38.89,55.5,76.29,66.09,59.49,60.98,38.53,41.19,39.75,38.39,42.25,31.44,25.41,26.25
04-12-2013,0,PECO,48823,BARBADOS35 KV   ABU2,BUS,TotalLMP,35.59,28.74,,27.96,29.01,28.85,33.09,44.94,47.72,40.21,39.99,37.24,37.88,52.37,43.21,42.14,39.58,39.09,43.53,44.28,44.24,44.98,41.21,35.18,30.39
04-13-2013,0,PECO,48823,BARBADOS35 KV   ABU2,BUS,TotalLMP,32.78,31.2,,29.56,30.23,30.02,31.19,31.38,31.63,37.33,40.08,48.51,38.22,41.11,41.25,39.44,34.81,34.19,34.07,34.99,38.03,79.48,51.24,40.91,35.12
04-14-2013,0,PECO,48823,BARBADOS35 KV   ABU2,BUS,TotalLMP,30.86,30.03,,29.7,26.28,26.93,27.32,27.82,26.78,30.02,31.62,38.09,34.7,35.92,32.26,30.31,28.54,32.85,31.74,36.09,39.64,82.76,44.39,29.49,27.19
04-15-2013,0,PECO,48823,BARBADOS35 KV   ABU2,BUS,TotalLMP,27.04,26.64,,28.88,25.58,24.2,27.17,45.89,45.26,44.0,45.39,43.48,39.37,42.1,41.65,40.05,36.74,39.05,48.15,48.75,40.69,48.03,45.43,29.1,29.67
04-16-2013,0,PECO,48823,BARBADOS35 KV   ABU2,BUS,TotalLMP,26.13,26.99,,27.61,27.75,26.89,29.2,45.48,39.99,40.65,41.55,49.49,45.61,54.67,61.95,65.03,63.15,61.29,57.29,47.79,44.28,100.1,53.28,35.04,34.0
04-17-2013,0,PECO,48823,BARBADOS35 KV   ABU2,BUS,TotalLMP,31.75,34.74,,30.38,29.18,29.61,38.6,87.11,46.97,60.63,53.65,37.51,40.54,40.88,45.89,50.56,46.73,47.66,48.1,45.68,38.2,48.95,70.81,38.59,34.88
04-18-2013,0,PECO,48823,BARBADOS35 KV   ABU2,BUS,TotalLMP,27.84,28.01,,23.77,24.72,26.79,30.63,40.21,63.84,57.84,68.65,45.06,37.53,40.95,36.59,36.76,42.41,39.88,40.53,34.76,37.95,41.77,40.76,36.32,35.9
11-29-2013,0,PECO,48823,BARBADOS35 KV   ABU2,BUS,TotalLMP,30.62,31.29,,31.27,31.93,31.33,31.23,25.41,26.9,32.34,29.42,31.18,31.01,28.62,27.82,27.02,27.45,28.59,43.61,37.68,36.09,36.02,30.33,34.11,32.53
11-30-2013,0,PECO,48823,BARBADOS35 KV   ABU2,BUS,TotalLMP,30.35,30.17,,30.98,31.91,30.46,30.21,32.77,37.87,32.32,35.54,38.82,31.46,30.29,29.97,28.72,28.8,33.02,45.4,33.46,38.3,38.92,34.52,32.61,29.33
12-01-2013,0,PECO,48823,BARBADOS35 KV   ABU2,BUS,TotalLMP,28.52,30.04,,28.81,28.82,28.38,29.04,34.84,33.87,26.99,29.42,28.68,27.45,27.26,27.42,27.22,27.27,38.16,57.37,36.4,39.87,35.23,31.43,28.95,27.17
12-02-2013,0,PECO,48823,BARBADOS35 KV   ABU2,BUS,TotalLMP,27.52,27.25,,26.97,25.99,27.14,27.77,27.38,25.52,26.54,25.88,34.84,35.42,30.89,30.27,29.76,29.9,28.03,47.85,29.99,29.47,28.54,34.65,31.56,29.52
12-03-2013,0,PECO,48823,BARBADOS35 KV   ABU2,BUS,TotalLMP,27.25,28.24,,28.8,28.13,28.55,27.72,42.77,41.45,36.09,33.35,27.48,24.53,21.55,20.79,24.07,24.86,26.6,39.55,36.48,44.9,43.92,33.69,27.85,25.87
12-04-2013,0,PECO,48823,BARBADOS35 KV   ABU2,BUS,TotalLMP,28.86,26.84,,26.09,26.78,27.6,27.32,36.33,41.78,39.34,36.79,35.11,32.74,32.65,28.13,24.55,22.91,31.66,44.9,51.25,46.71,32.17,24.81,18.51,13.9
12-05-2013,0,PECO,48823,BARBADOS35 KV   ABU2,BUS,TotalLMP,24.9,21.21,,21.96,22.94,24.47,25.56,31.46,35.62,33.05,32.23,38.27,30.33,33.96,31.32,30.69,31.1,69.79,55.21,37.47,41.57,39.87,34.96,27.72,26.47
10-25-2013,0,PECO,48823,BARBADOS35 KV   ABU2,BUS,TotalLMP,28.6,26.69,,26.74,25.78,26.41,26.08,34.22,43.92,38.05,47.51,44.71,36.76,35.13,36.04,31.84,31.71,31.42,31.04,38.82,35.54,34.49,34.0,31.22,30.59
10-26-2013,0,PECO,48823,BARBADOS35 KV   ABU2,BUS,TotalLMP,32.4,37.8,,23.85,24.25,24.87,25.47,22.91,16.97,28.4,32.5,44.68,29.97,29.29,25.04,25.92,25.89,26.71,29.15,38.52,33.18,31.54,30.56,29.39,27.28
10-27-2013,0,PECO,48823,BARBADOS35 KV   ABU2,BUS,TotalLMP,27.99,27.75,,26.49,25.9,25.28,27.71,28.55,25.06,26.39,28.46,28.06,28.7,26.41,27.02,25.92,26.3,26.55,26.86,39.67,33.6,31.69,30.85,28.34,28.01
10-28-2013,0,PECO,48823,BARBADOS35 KV   ABU2,BUS,TotalLMP,26.9,27.9,,30.25,27.38,27.86,23.74,122.87,71.93,48.6,44.93,42.03,39.31,53.86,36.93,33.84,33.6,35.46,31.07,77.75,87.19,50.55,34.14,29.42,28.17
10-29-2013,0,PECO,48823,BARBADOS35 KV   ABU2,BUS,TotalLMP,27.45,26.32,,26.15,26.27,27.46,27.99,32.88,36.83,37.78,39.11,40.0,35.65,36.89,38.42,34.17,32.4,33.92,39.66,92.18,55.14,37.29,36.77,29.8,29.22
10-30-2013,0,PECO,48823,BARBADOS35 KV   ABU2,BUS,TotalLMP,27.7,25.51,,24.62,24.52,26.61,26.48,37.19,37.16,41.02,54.69,50.84,36.92,42.13,42.09,36.04,37.7,40.51,38.66,58.18,34.1,35.96,33.35,28.16,26.43
10-31-2013,0,PECO,48823,BARBADOS35 KV   ABU2,BUS,TotalLMP,23.43,25.36,,23.78,22.8,25.06,26.11,28.13,31.27,31.74,32.79,32.63,33.09,34.58,33.55,35.7,34.79,33.2,33.14,33.06,29.77,31.62,31.84,27.25,22.14
12-20-2013,0,PECO,48823,BARBADOS35 KV   ABU2,BUS,TotalLMP,27.04,25.83,,24.86,25.87,26.14,26.44,30.26,33.68,35.93,34.96,31.85,31.85,31.22,30.6,29.68,29.53,30.82,40.44,33.34,31.96,31.24,30.04,28.58,24.37
12-21-2013,0,PECO,48823,BARBADOS35 KV   ABU2,BUS,TotalLMP,24.12,23.49,,23.68,21.74,24.65,25.26,25.49,27.11,28.1,29.85,30.48,31.0,29.98,28.8,27.51,27.8,30.27,36.8,38.07,33.23,31.45,29.58,26.77,21.68
12-22-2013,0,PECO,48823,BARBADOS35 KV   ABU2,BUS,TotalLMP,24.51,22.36,,19.21,18.24,20.64,23.36,21.24,24.05,24.22,25.86,25.69,26.58,26.41,26.46,25.72,25.16,28.31,32.8,31.66,31.99,30.36,28.21,27.23,19.71
12-23-2013,0,PECO,48823,BARBADOS35 KV   ABU2,BUS,TotalLMP,20.85,21.21,,21.46,21.31,20.91,23.22,25.03,27.9,29.41,30.89,27.89,24.31,28.43,29.11,29.58,29.48,30.74,41.11,31.08,31.68,36.41,34.99,30.08,27.45
12-24-2013,0,PECO,48823,BARBADOS35 KV   ABU2,BUS,TotalLMP,25.11,23.02,,25.3,25.61,25.69,26.32,27.61,30.51,34.07,33.1,31.57,30.59,29.88,30.97,29.59,29.11,31.73,38.75,35.1,30.07,31.71,32.22,36.23,38.33
12-25-2013,0,PECO,48823,BARBADOS35 KV   ABU2,BUS,TotalLMP,30.23,30.95,,31.85,31.1,33.04,32.68,31.42,39.16,37.09,36.93,37.19,33.55,31.07,28.46,27.74,26.84,28.18,33.7,31.89,32.09,33.52,35.16,31.71,28.54
12-26-2013,0,PECO,48823,BARBADOS35 KV   ABU2,BUS,TotalLMP,28.43,26.66,,24.54,22.38,27.21,28.14,30.53,34.96,44.4,68.7,87.5,37.66,32.25,31.74,30.52,28.96,29.47,47.57,35.44,33.73,40.71,36.59,35.36,32.79
08-23-2013,0,PECO,48823,BARBADOS35 KV   ABU2,BUS,TotalLMP,29.34,27.3,,23.7,24.67,24.44,28.75,29.74,31.96,33.87,34.83,38.97,37.37,35.73,35.17,35.43,36.53,34.73,33.68,31.25,28.69,28.74,28.05,24.48,24.5
08-24-2013,0,PECO,48823,BARBADOS35 KV   ABU2,BUS,TotalLMP,25.37,26.32,,20.03,6.13,20.69,22.72,23.22,22.56,26.11,27.76,30.25,32.17,34.07,35.17,36.37,45.66,64.69,37.89,33.54,30.55,31.33,28.68,24.42,24.76
08-25-2013,0,PECO,48823,BARBADOS35 KV   ABU2,BUS,TotalLMP,23.89,18.35,,10.63,7.74,0.98,0.99,0.88,0.16,20.94,26.33,26.83,27.47,31.41,32.63,36.63,37.82,62.29,47.55,35.55,31.33,37.06,32.08,25.85,25.8
08-26-2013,0,PECO,48823,BARBADOS35 KV   ABU2,BUS,TotalLMP,21.2,20.12,,16.99,0.99,10.37,24.91,26.46,24.32,26.14,27.78,29.95,31.96,35.68,39.15,59.26,52.86,52.06,46.87,37.67,36.6,49.81,36.5,29.3,28.43
08-27-2013,0,PECO,48823,BARBADOS35 KV   ABU2,BUS,TotalLMP,26.29,25.51,,22.65,22.46,24.15,28.17,33.69,35.03,32.29,38.76,41.03,40.73,39.8,58.22,66.71,125.78,116.88,82.72,52.16,56.52,93.63,38.65,33.75,35.68
08-28-2013,0,PECO,48823,BARBADOS35 KV   ABU2,BUS,TotalLMP,30.14,28.3,,25.82,25.2,26.05,31.01,42.17,47.69,42.5,41.42,39.99,40.53,38.51,39.97,38.04,37.6,42.82,42.28,37.29,34.78,40.78,35.98,29.74,28.56
08-29-2013,0,PECO,48823,BARBADOS35 KV   ABU2,BUS,TotalLMP,27.37,24.8,,24.6,23.97,24.64,28.59,34.73,36.84,38.56,37.7,42.5,45.49,38.46,51.41,43.41,60.65,52.93,70.08,39.01,37.85,45.48,37.04,28.91,28.62
05-03-2013,0,PECO,48823,BARBADOS35 KV   ABU2,BUS,TotalLMP,28.26,28.79,,27.88,27.79,29.49,31.84,34.19,33.08,33.47,33.49,34.13,34.83,35.42,56.54,39.72,36.63,35.11,33.39,31.54,30.14,35.03,34.49,30.47,27.13
05-04-2013,0,PECO,48823,BARBADOS35 KV   ABU2,BUS,TotalLMP,25.77,30.36,,29.01,27.29,26.8,26.04,25.9,28.27,34.78,35.27,35.58,34.6,35.99,31.85,27.38,29.55,31.33,32.98,33.66,33.01,48.16,44.71,34.29,31.42
05-05-2013,0,PECO,48823,BARBADOS35 KV   ABU2,BUS,TotalLMP,27.7,26.21,,25.53,24.74,23.84,25.01,11.72,23.74,28.85,30.75,30.8,31.37,29.07,28.69,25.18,27.06,28.99,30.07,29.19,27.16,36.53,33.24,28.47,27.2
05-06-2013,0,PECO,48823,BARBADOS35 KV   ABU2,BUS,TotalLMP,24.57,25.38,,25.18,24.52,25.74,28.01,40.51,33.33,36.6,33.95,30.45,39.45,36.63,33.39,33.05,33.98,31.58,40.16,37.93,34.37,35.39,35.3,30.46,25.94
05-07-2013,0,PECO,48823,BARBADOS35 KV   ABU2,BUS,TotalLMP,30.87,27.47,,26.3,25.79,28.24,30.35,30.8,32.14,31.69,33.05,32.11,31.45,40.7,34.61,44.31,54.62,40.3,43.92,55.94,36.36,40.62,37.09,31.17,26.57
05-08-2013,0,PECO,48823,BARBADOS35 KV   ABU2,BUS,TotalLMP,25.8,25.98,,26.4,25.76,27.23,30.88,31.83,37.15,45.08,47.03,44.88,45.98,51.76,34.78,37.66,45.22,45.34,51.79,57.4,40.46,47.37,41.48,31.71,28.96
05-09-2013,0,PECO,48823,BARBADOS35 KV   ABU2,BUS,TotalLMP,28.3,27.14,,25.51,25.39,28.48,30.38,34.06,35.81,35.03,43.22,45.36,41.44,34.44,38.18,40.93,39.52,40.09,44.54,45.71,48.21,62.93,45.38,32.51,35.05
12-27-2013,0,PECO,48823,BARBADOS35 KV   ABU2,BUS,TotalLMP,31.68,29.56,,29.75,29.7,29.07,28.91,32.16,35.28,42.55,36.65,35.33,33.05,31.45,29.97,26.03,27.82,29.26,35.71,34.75,35.64,37.68,33.69,31.57,28.28
12-28-2013,0,PECO,48823,BARBADOS35 KV   ABU2,BUS,TotalLMP,28.02,29.22,,31.93,27.8,31.07,36.88,33.87,31.56,33.47,33.89,31.51,30.51,27.96,25.74,24.47,25.03,28.49,36.18,31.85,31.02,30.68,28.24,26.42,15.91
12-29-2013,0,PECO,48823,BARBADOS35 KV   ABU2,BUS,TotalLMP,24.09,23.64,,24.86,24.21,24.09,23.1,23.47,24.98,26.16,29.8,31.22,31.99,32.58,31.93,30.67,28.04,30.47,33.11,32.5,32.25,32.03,30.37,28.79,25.24
12-30-2013,0,PECO,48823,BARBADOS35 KV   ABU2,BUS,TotalLMP,25.05,24.24,,24.27,24.75,24.67,20.27,13.47,22.34,24.98,25.84,29.69,32.82,31.29,31.14,30.83,31.04,31.29,37.47,36.69,35.2,34.48,32.39,30.45,28.09
12-31-2013,0,PECO,48823,BARBADOS35 KV   ABU2,BUS,TotalLMP,33.98,31.48,,30.77,30.67,29.49,28.34,30.8,34.21,37.57,39.03,36.68,40.74,34.07,34.38,32.17,31.81,33.31,84.02,58.66,79.17,34.69,33.26,33.13,39.28
01-01-2014,0,PECO,48823,BARBADOS35 KV   ABU2,BUS,TotalLMP,41.0,37.07,,34.01,37.02,37.35,32.73,31.41,31.77,31.55,31.47,32.24,32.55,31.72,30.48,30.97,30.31,31.48,51.14,41.81,39.08,50.12,34.26,31.02,31.13
01-02-2014,0,PECO,48823,BARBADOS35 KV   ABU2,BUS,TotalLMP,30.82,30.08,,29.85,30.52,29.54,29.59,34.45,56.78,56.76,94.25,36.79,66.04,46.53,55.23,55.34,93.46,74.06,272.4,173.11,104.06,81.78,156.16,45.37,124.34
07-19-2013,0,PECO,48823,BARBADOS35 KV   ABU2,BUS,TotalLMP,53.07,51.33,,37.49,33.38,35.97,37.93,45.43,101.36,132.24,98.81,117.06,123.62,206.8,240.36,192.95,211.14,235.87,147.72,73.75,99.64,97.05,54.98,43.43,43.43
07-20-2013,0,PECO,48823,BARBADOS35 KV   ABU2,BUS,TotalLMP,52.23,37.87,,32.72,30.03,30.19,27.92,27.54,35.31,43.6,44.06,62.62,56.48,44.11,59.19,62.68,61.74,69.9,55.16,49.28,53.9,56.55,48.63,39.24,35.23
07-21-2013,0,PECO,48823,BARBADOS35 KV   ABU2,BUS,TotalLMP,36.27,35.3,,32.52,28.9,26.28,24.88,22.71,28.85,34.57,40.17,57.26,104.34,104.97,64.67,120.82,85.96,69.48,56.92,45.9,45.65,51.17,60.11,39.64,33.0
07-22-2013,0,PECO,48823,BARBADOS35 KV   ABU2,BUS,TotalLMP,44.21,30.61,,27.22,26.01,27.3,30.57,34.41,39.08,42.52,42.11,44.65,49.92,49.89,66.76,54.18,55.95,66.17,52.6,49.69,50.66,49.78,49.13,35.69,33.6
07-23-2013,0,PECO,48823,BARBADOS35 KV   ABU2,BUS,TotalLMP,31.64,30.62,,27.9,25.12,26.54,29.04,32.15,31.31,34.6,41.34,50.15,62.0,60.98,76.6,72.85,102.45,98.91,72.01,59.63,47.84,48.98,42.47,32.76,30.74
07-24-2013,0,PECO,48823,BARBADOS35 KV   ABU2,BUS,TotalLMP,27.93,27.17,,24.9,24.42,24.64,28.35,26.7,28.18,30.2,33.16,36.77,39.23,42.71,45.89,46.79,48.27,44.49,43.84,39.0,37.94,34.18,34.35,28.93,26.56
07-25-2013,0,PECO,48823,BARBADOS35 KV   ABU2,BUS,TotalLMP,26.51,25.35,,6.02,1.26,18.92,26.38,24.75,26.91,27.36,27.76,29.31,30.51,27.04,26.98,28.55,29.45,29.29,28.86,28.86,29.98,30.82,31.06,28.17,24.53
09-27-2013,0,PECO,48823,BARBADOS35 KV   ABU2,BUS,TotalLMP,23.11,24.98,,23.85,23.11,24.81,26.13,31.15,28.43,28.08,28.62,32.29,30.32,27.85,32.78,29.69,26.0,25.29,26.87,27.52,27.81,26.68,25.16,23.59,23.84
09-28-2013,0,PECO,48823,BARBADOS35 KV   ABU2,BUS,TotalLMP,25.25,24.87,,24.45,23.01,24.15,26.87,26.88,25.71,26.47,28.25,26.73,28.26,27.79,26.49,26.65,27.52,27.62,28.65,27.89,31.0,28.27,25.85,22.04,22.99
09-29-2013,0,PECO,48823,BARBADOS35 KV   ABU2,BUS,TotalLMP,24.15,22.26,,10.6,15.11,4.37,15.36,22.29,22.37,24.74,24.83,25.75,26.66,26.45,23.61,24.55,25.48,26.05,26.93,27.49,40.43,30.33,26.55,25.42,22.58
09-30-2013,0,PECO,48823,BARBADOS35 KV   ABU2,BUS,TotalLMP,23.91,25.99,,22.88,23.16,26.26,27.5,37.88,47.89,31.41,46.23,40.13,35.69,55.16,39.0,36.14,34.44,37.16,35.48,36.21,57.58,38.77,29.34,24.21,23.04
10-01-2013,0,PECO,48823,BARBADOS35 KV   ABU2,BUS,TotalLMP,23.34,23.89,,21.25,22.37,23.0,25.91,29.44,28.77,27.63,30.5,33.03,33.93,32.76,40.91,42.93,33.25,47.09,39.0,38.2,54.0,40.79,28.59,25.74,23.92
10-02-2013,0,PECO,48823,BARBADOS35 KV   ABU2,BUS,TotalLMP,21.3,21.5,,5.73,18.68,22.48,26.24,29.12,28.02,27.19,31.72,39.21,38.54,44.09,44.69,34.92,26.94,38.21,37.64,30.07,47.43,36.98,25.93,25.99,24.33
10-03-2013,0,PECO,48823,BARBADOS35 KV   ABU2,BUS,TotalLMP,23.96,26.32,,20.6,21.1,22.67,27.32,29.28,36.13,31.38,35.65,39.87,39.04,52.69,56.35,34.86,23.59,34.94,42.12,38.5,57.89,48.09,32.02,28.5,26.6
08-16-2013,0,PECO,48823,BARBADOS35 KV   ABU2,BUS,TotalLMP,25.53,24.18,,21.85,19.93,22.64,25.2,26.13,21.83,26.24,33.22,31.6,32.05,34.65,39.22,34.46,34.4,36.81,35.69,32.86,31.21,31.09,30.17,25.26,24.57
08-17-2013,0,PECO,48823,BARBADOS35 KV   ABU2,BUS,TotalLMP,24.54,24.16,,19.79,19.15,19.57,23.13,23.2,22.84,27.45,28.21,29.39,30.12,32.28,33.29,32.38,33.15,34.66,36.24,35.85,32.92,36.09,32.06,28.11,25.41
08-18-2013,0,PECO,48823,BARBADOS35 KV   ABU2,BUS,TotalLMP,21.33,22.75,,20.97,18.53,21.36,22.21,18.33,12.2,25.37,23.41,25.82,26.89,28.7,28.98,29.6,29.51,29.67,30.34,31.01,31.95,35.44,31.23,29.54,27.03
08-19-2013,0,PECO,48823,BARBADOS35 KV   ABU2,BUS,TotalLMP,23.9,22.63,,20.48,18.83,22.65,26.52,30.16,28.02,30.98,30.61,34.18,43.38,42.23,46.78,42.52,52.23,40.97,44.01,42.41,43.07,51.0,39.71,28.0,24.93
08-20-2013,0,PECO,48823,BARBADOS35 KV   ABU2,BUS,TotalLMP,23.81,21.41,,12.24,0.44,16.14,24.11,24.51,23.23,27.58,31.45,36.21,52.29,36.2,52.38,38.67,50.47,99.73,50.36,40.49,40.35,59.87,44.98,32.07,30.29
08-21-2013,0,PECO,48823,BARBADOS35 KV   ABU2,BUS,TotalLMP,28.88,26.8,,23.25,23.0,23.61,26.22,29.16,29.26,34.18,36.89,78.62,40.83,55.03,55.58,85.61,70.84,115.3,43.74,44.03,47.43,47.63,45.87,32.17,30.57
08-22-2013,0,PECO,48823,BARBADOS35 KV   ABU2,BUS,TotalLMP,29.94,29.12,,26.44,21.9,24.05,29.49,32.99,34.28,36.05,36.87,38.73,40.28,42.76,43.35,36.0,36.27,38.69,50.29,40.31,39.59,59.82,38.89,30.84,28.99
05-10-2013,0,PECO,48823,BARBADOS35 KV   ABU2,BUS,TotalLMP,27.25,26.28,,24.91,25.61,26.17,28.86,30.57,36.42,34.46,36.53,37.43,37.98,42.16,54.18,41.55,41.15,52.68,46.93,42.03,44.32,58.35,39.95,34.8,33.3
05-11-2013,0,PECO,48823,BARBADOS35 KV   ABU2,BUS,TotalLMP,31.13,31.5,,30.35,28.31,25.81,28.08,28.55,29.65,34.11,48.84,40.15,42.11,41.44,38.71,39.17,40.89,53.51,43.05,34.57,33.88,42.28,41.18,35.56,31.15
05-12-2013,0,PECO,48823,BARBADOS35 KV   ABU2,BUS,TotalLMP,33.05,30.06,,27.47,25.61,25.94,26.54,24.99,28.98,27.69,26.58,27.12,26.55,25.35,25.88,25.58,25.34,25.66,25.59,25.37,27.08,42.77,40.32,32.31,28.49
05-13-2013,0,PECO,48823,BARBADOS35 KV   ABU2,BUS,TotalLMP,25.74,26.78,,26.78,26.45,26.03,26.65,36.02,36.52,35.88,37.56,37.54,38.7,33.47,34.22,35.69,33.17,33.82,32.12,33.09,32.76,42.09,39.12,30.96,26.77
05-14-2013,0,PECO,48823,BARBADOS35 KV   ABU2,BUS,TotalLMP,28.3,27.71,,27.77,28.21,30.34,32.97,57.65,32.56,30.85,30.97,31.52,31.67,31.65,34.03,33.26,33.4,37.42,38.77,33.72,27.45,36.07,37.48,27.59,27.75
05-15-2013,0,PECO,48823,BARBADOS35 KV   ABU2,BUS,TotalLMP,27.27,26.44,,24.83,24.9,25.51,30.14,29.71,27.79,31.96,31.91,32.57,42.91,43.92,36.83,38.01,36.28,210.2,44.37,41.94,34.65,42.81,53.69,34.49,32.94
05-16-2013,0,PECO,48823,BARBADOS35 KV   ABU2,BUS,TotalLMP,31.2,28.11,,25.29,25.49,25.99,31.22,31.39,35.79,40.94,41.72,42.1,36.65,38.26,45.84,42.32,34.4,38.79,35.78,39.51,39.54,36.99,36.51,31.05,27.24
01-10-2014,0,PECO,48823,BARBADOS35 KV   ABU2,BUS,TotalLMP,33.38,35.08,,33.28,33.04,32.22,31.89,38.84,43.47,45.71,49.46,70.51,54.67,59.13,43.4,41.99,37.74,37.51,90.64,36.4,37.96,33.94,32.75,30.15,30.21
01-11-2014,0,PECO,48823,BARBADOS35 KV   ABU2,BUS,TotalLMP,27.67,30.09,,29.14,27.75,28.07,29.5,28.27,30.85,39.05,46.06,74.21,67.94,42.51,40.8,34.5,32.0,49.61,43.25,37.82,33.11,32.2,29.99,28.98,29.63
01-12-2014,0,PECO,48823,BARBADOS35 KV   ABU2,BUS,TotalLMP,28.05,26.3,,25.16,26.68,26.97,28.18,28.24,28.99,31.43,32.94,34.38,36.97,32.18,31.7,30.4,29.55,30.86,73.29,59.37,40.16,41.7,40.11,33.75,33.47
01-13-2014,0,PECO,48823,BARBADOS35 KV   ABU2,BUS,TotalLMP,36.39,33.53,,34.46,34.63,29.5,38.99,61.73,55.56,42.22,36.92,34.24,36.32,31.51,30.94,29.88,29.38,30.58,62.33,30.01,28.27,31.38,29.83,25.34,26.14
01-14-2014,0,PECO,48823,BARBADOS35 KV   ABU2,BUS,TotalLMP,23.37,28.72,,24.66,20.76,19.06,26.22,28.85,30.3,27.29,27.87,31.27,31.15,31.04,30.33,29.14,29.65,30.32,31.79,31.12,30.61,30.87,29.93,26.33,27.5
01-15-2014,0,PECO,48823,BARBADOS35 KV   ABU2,BUS,TotalLMP,27.28,26.98,,27.15,27.56,28.52,21.89,36.86,46.51,39.98,39.34,35.1,34.11,33.27,32.0,30.71,32.35,48.83,44.39,41.51,36.14,37.59,33.99,29.94,28.78
01-16-2014,0,PECO,48823,BARBADOS35 KV   ABU2,BUS,TotalLMP,30.31,29.74,,29.3,29.88,27.72,29.87,36.89,49.87,37.52,41.84,45.8,39.88,31.98,30.71,31.95,32.86,36.63,42.17,43.98,50.96,45.19,44.75,33.86,32.27
07-12-2013,0,PECO,48823,BARBADOS35 KV   ABU2,BUS,TotalLMP,28.34,27.93,,26.85,25.17,25.69,26.91,28.15,29.84,32.45,33.65,37.77,39.93,40.67,39.09,40.24,38.24,41.0,41.96,36.81,33.56,34.4,32.06,29.03,27.18
07-13-2013,0,PECO,48823,BARBADOS35 KV   ABU2,BUS,TotalLMP,25.27,26.15,,13.96,6.13,23.58,24.96,16.77,24.58,28.98,31.51,45.68,43.41,45.95,43.12,44.16,60.7,57.35,76.17,42.92,43.94,47.71,44.72,37.81,32.9
07-14-2013,0,PECO,48823,BARBADOS35 KV   ABU2,BUS,TotalLMP,31.64,29.71,,25.7,25.06,24.19,25.95,21.79,26.97,32.41,36.41,58.17,60.41,66.65,63.46,58.15,59.27,105.88,177.01,113.83,73.98,103.85,121.91,52.96,43.27
07-15-2013,0,PECO,48823,BARBADOS35 KV   ABU2,BUS,TotalLMP,37.64,33.23,,28.52,27.65,28.97,31.12,34.27,42.01,73.71,58.58,120.3,225.85,140.14,241.42,293.74,377.48,80.14,162.01,158.98,94.76,106.64,79.03,52.32,55.1
07-16-2013,0,PECO,48823,BARBADOS35 KV   ABU2,BUS,TotalLMP,40.81,34.8,,31.45,28.91,27.98,33.26,40.05,49.97,53.62,117.86,125.15,95.77,191.77,69.31,74.3,89.05,120.82,142.86,105.39,96.48,79.25,69.35,49.02,45.21
07-17-2013,0,PECO,48823,BARBADOS35 KV   ABU2,BUS,TotalLMP,32.16,31.13,,28.07,26.4,28.08,31.78,37.36,56.11,59.28,72.29,94.4,74.1,177.75,206.1,141.32,111.27,145.28,103.87,121.32,80.61,75.86,91.16,43.02,39.44
07-18-2013,0,PECO,48823,BARBADOS35 KV   ABU2,BUS,TotalLMP,41.89,33.85,,31.75,28.19,27.97,32.46,40.28,90.5,107.97,81.28,86.34,120.31,358.7,489.37,46.01,127.23,114.28,145.69,225.96,152.22,142.32,141.16,52.62,67.55
08-09-2013,0,PECO,48823,BARBADOS35 KV   ABU2,BUS,TotalLMP,29.37,29.76,,26.54,24.9,26.54,29.49,38.06,41.31,56.24,49.46,60.62,45.69,53.45,89.29,58.74,91.81,123.73,63.22,44.28,44.57,55.68,57.2,36.66,37.48
08-10-2013,0,PECO,48823,BARBADOS35 KV   ABU2,BUS,TotalLMP,38.29,31.72,,30.01,26.24,25.96,26.04,26.57,29.17,35.09,37.81,47.01,40.5,36.8,36.04,38.33,38.01,42.03,46.12,39.1,36.1,40.89,33.42,29.17,27.82
08-11-2013,0,PECO,48823,BARBADOS35 KV   ABU2,BUS,TotalLMP,26.61,25.78,,23.8,21.32,20.77,21.89,19.1,19.24,28.21,27.42,27.57,36.81,34.21,36.11,39.55,46.73,48.45,47.47,41.89,41.84,41.82,38.81,32.59,32.31
08-12-2013,0,PECO,48823,BARBADOS35 KV   ABU2,BUS,TotalLMP,28.58,26.74,,26.06,25.73,26.72,31.38,41.86,41.75,50.43,44.8,57.78,42.96,61.35,43.6,48.39,71.04,74.37,73.01,50.67,46.7,53.27,42.96,32.16,32.13
08-13-2013,0,PECO,48823,BARBADOS35 KV   ABU2,BUS,TotalLMP,29.71,27.74,,24.83,25.26,26.14,31.49,36.04,34.46,37.41,38.06,38.4,37.49,44.21,46.25,52.95,67.21,175.76,46.92,44.19,40.66,49.68,36.36,28.5,28.77
08-14-2013,0,PECO,48823,BARBADOS35 KV   ABU2,BUS,TotalLMP,27.59,26.48,,22.36,20.02,21.14,25.33,26.69,25.94,26.74,28.75,30.72,31.45,29.9,27.14,29.04,29.7,30.51,31.24,31.02,27.95,30.43,28.93,24.25,23.46
08-15-2013,0,PECO,48823,BARBADOS35 KV   ABU2,BUS,TotalLMP,22.37,19.45,,11.31,5.52,23.86,24.6,25.36,21.3,25.44,27.15,28.87,30.03,29.56,29.45,29.39,29.98,30.39,30.85,30.83,29.23,29.85,29.29,23.58,23.58
08-02-2013,0,PECO,48823,BARBADOS35 KV   ABU2,BUS,TotalLMP,24.9,22.67,,22.16,5.55,2.3,26.08,26.12,25.54,29.6,35.46,57.7,51.3,42.12,42.75,69.01,49.43,76.35,43.18,42.15,39.27,39.61,34.66,30.37,28.99
08-03-2013,0,PECO,48823,BARBADOS35 KV   ABU2,BUS,TotalLMP,28.09,25.38,,23.8,21.04,21.08,23.63,19.61,19.09,26.71,28.56,29.98,31.51,31.64,31.98,30.93,30.85,31.4,31.0,31.48,31.02,30.73,31.25,24.39,26.48
08-04-2013,0,PECO,48823,BARBADOS35 KV   ABU2,BUS,TotalLMP,24.86,22.53,,18.49,0.25,-0.23,-1.46,0.81,14.21,23.75,25.3,25.76,27.6,29.09,31.1,30.54,31.01,32.49,32.8,32.42,30.52,29.09,28.34,23.79,22.93
08-05-2013,0,PECO,48823,BARBADOS35 KV   ABU2,BUS,TotalLMP,22.31,23.47,,21.74,22.49,20.61,24.7,23.73,24.67,26.56,30.25,31.91,34.87,37.24,38.32,35.63,38.87,39.47,35.41,33.54,32.43,35.41,31.93,26.85,25.3
08-06-2013,0,PECO,48823,BARBADOS35 KV   ABU2,BUS,TotalLMP,24.39,23.17,,21.26,19.16,21.99,25.05,25.05,25.98,27.55,30.93,39.58,37.18,37.25,33.45,34.16,33.84,37.06,36.89,36.53,33.96,34.34,33.09,27.5,24.06
08-07-2013,0,PECO,48823,BARBADOS35 KV   ABU2,BUS,TotalLMP,18.59,20.67,,17.94,2.94,21.3,25.5,26.03,26.32,28.78,30.15,37.47,39.46,38.65,40.19,40.98,41.92,40.99,50.06,43.8,38.57,42.46,36.35,28.05,27.2
08-08-2013,0,PECO,48823,BARBADOS35 KV   ABU2,BUS,TotalLMP,26.7,25.63,,22.63,23.21,26.17,27.06,29.2,31.2,44.22,50.07,51.76,60.89,46.38,115.66,59.9,55.67,88.89,55.29,52.46,41.87,48.45,58.39,33.54,34.56
04-19-2013,0,PECO,48823,BARBADOS35 KV   ABU2,BUS,TotalLMP,30.06,26.38,,25.31,24.55,25.47,33.71,58.7,40.75,42.41,44.78,40.78,41.1,41.55,46.23,41.77,44.41,41.66,39.32,39.96,38.15,39.0,40.85,30.91,31.34
04-20-2013,0,PECO,48823,BARBADOS35 KV   ABU2,BUS,TotalLMP,31.61,37.96,,31.89,31.72,31.02,33.3,34.2,39.14,50.72,48.0,51.41,41.14,41.12,36.89,33.15,33.15,32.86,33.19,32.67,31.9,51.11,47.43,42.48,41.26
04-21-2013,0,PECO,48823,BARBADOS35 KV   ABU2,BUS,TotalLMP,33.57,33.28,,33.53,33.42,34.2,33.73,33.2,33.96,32.19,34.02,36.18,34.57,32.3,31.88,31.79,31.78,31.52,32.55,30.89,32.84,48.71,39.0,33.41,32.01
04-22-2013,0,PECO,48823,BARBADOS35 KV   ABU2,BUS,TotalLMP,30.77,30.83,,29.39,29.32,28.35,36.54,47.56,53.33,45.11,41.56,57.48,47.21,50.78,51.57,40.61,39.71,41.55,36.65,34.46,34.3,50.4,40.58,30.88,31.17
04-23-2013,0,PECO,48823,BARBADOS35 KV   ABU2,BUS,TotalLMP,35.26,30.3,,29.51,29.83,30.93,40.22,47.71,42.94,50.18,42.48,44.41,38.45,44.61,50.29,74.15,63.97,43.02,42.78,38.8,39.49,52.92,41.21,32.17,33.85
04-24-2013,0,PECO,48823,BARBADOS35 KV   ABU2,BUS,TotalLMP,28.89,27.56,,27.12,27.19,23.61,28.9,54.16,50.51,41.41,42.17,59.32,50.51,46.84,43.05,48.75,49.3,45.26,42.21,41.47,33.29,40.49,45.48,31.61,32.02
04-25-2013,0,PECO,48823,BARBADOS35 KV   ABU2,BUS,TotalLMP,24.95,24.62,,24.69,24.76,25.7,26.1,34.91,32.06,35.06,34.37,37.29,34.55,37.85,38.41,38.39,34.34,37.75,35.11,33.03,31.31,66.08,43.1,32.61,30.65
12-13-2013,0,PECO,48823,BARBADOS35 KV   ABU2,BUS,TotalLMP,32.98,34.29,,33.55,35.5,40.41,36.81,56.09,126.67,65.41,47.63,42.81,39.24,34.04,32.22,33.41,31.45,33.03,45.22,40.82,42.52,45.98,42.69,41.71,35.21
12-14-2013,0,PECO,48823,BARBADOS35 KV   ABU2,BUS,TotalLMP,38.63,41.19,,35.26,34.8,35.64,36.82,38.69,35.91,39.09,37.97,50.44,43.52,39.82,38.18,37.56,39.58,153.59,198.2,41.0,47.37,77.36,80.1,43.93,44.51
12-15-2013,0,PECO,48823,BARBADOS35 KV   ABU2,BUS,TotalLMP,50.84,43.9,,35.22,35.05,37.06,41.01,43.15,44.84,57.47,46.8,27.82,30.21,28.76,30.41,31.82,32.55,33.94,59.05,54.54,49.54,56.16,57.7,39.4,35.76
12-16-2013,0,PECO,48823,BARBADOS35 KV   ABU2,BUS,TotalLMP,35.17,37.67,,39.09,35.5,34.82,37.19,44.48,50.31,51.05,61.34,48.78,42.23,40.49,38.11,37.06,35.46,55.94,122.57,63.35,76.81,66.86,54.26,38.2,34.32
12-17-2013,0,PECO,48823,BARBADOS35 KV   ABU2,BUS,TotalLMP,40.11,40.76,,36.2,35.49,36.64,42.75,60.08,73.84,45.31,42.55,46.64,60.38,40.69,42.33,38.4,43.34,37.83,65.44,52.35,46.48,47.11,49.98,40.97,37.82
12-18-2013,0,PECO,48823,BARBADOS35 KV   ABU2,BUS,TotalLMP,35.0,33.88,,29.36,32.86,37.35,36.89,48.73,48.36,37.01,40.45,37.3,34.22,34.73,34.12,33.53,33.59,35.43,143.05,43.06,54.78,55.38,51.74,35.42,35.07
12-19-2013,0,PECO,48823,BARBADOS35 KV   ABU2,BUS,TotalLMP,33.63,32.55,,33.19,33.04,32.33,33.0,63.97,78.1,39.01,36.27,31.87,30.99,30.65,30.84,30.99,31.09,29.39,33.03,37.77,39.96,39.27,33.96,29.54,27.37
08-30-2013,0,PECO,48823,BARBADOS35 KV   ABU2,BUS,TotalLMP,25.61,24.14,,23.0,21.22,22.52,26.19,29.04,28.91,31.26,44.64,45.99,42.39,55.55,45.95,72.69,73.6,82.97,57.1,41.68,41.89,40.36,35.0,30.79,32.26
08-31-2013,0,PECO,48823,BARBADOS35 KV   ABU2,BUS,TotalLMP,30.71,30.32,,26.48,25.21,25.42,27.02,26.87,26.19,34.38,45.49,44.95,56.92,63.45,98.33,90.8,99.94,75.53,48.19,46.69,50.65,57.2,45.9,38.95,31.73
09-01-2013,0,PECO,48823,BARBADOS35 KV   ABU2,BUS,TotalLMP,30.59,27.52,,26.14,25.54,24.68,25.26,24.31,25.63,29.44,34.69,40.73,48.05,55.31,79.46,57.33,92.08,66.89,42.3,38.85,44.8,52.16,36.42,36.52,30.49
09-02-2013,0,PECO,48823,BARBADOS35 KV   ABU2,BUS,TotalLMP,28.68,27.07,,26.04,24.83,24.89,26.65,24.4,20.33,27.35,33.14,38.94,48.95,48.38,37.46,38.3,45.88,60.25,47.15,45.41,44.36,49.85,35.26,27.89,27.24
09-03-2013,0,PECO,48823,BARBADOS35 KV   ABU2,BUS,TotalLMP,25.69,28.48,,25.2,25.72,24.54,28.11,41.26,39.63,46.16,73.27,49.5,51.25,49.94,64.46,48.64,51.42,57.9,83.53,36.27,35.54,41.06,31.69,28.41,24.45
09-04-2013,0,PECO,48823,BARBADOS35 KV   ABU2,BUS,TotalLMP,22.81,24.02,,23.64,21.99,22.32,26.21,28.92,27.5,36.46,33.92,35.49,40.9,36.22,49.26,38.47,56.24,92.68,72.01,38.06,38.13,39.13,30.28,26.82,24.81
09-05-2013,0,PECO,48823,BARBADOS35 KV   ABU2,BUS,TotalLMP,24.89,24.42,,16.43,6.83,23.72,26.66,33.71,26.99,28.83,33.57,34.82,40.48,39.95,38.21,56.09,37.6,36.39,38.21,40.03,35.14,41.06,28.85,24.68,30.58
10-04-2013,0,PECO,48823,BARBADOS35 KV   ABU2,BUS,TotalLMP,24.39,23.48,,24.28,23.62,24.21,26.93,44.78,33.38,28.47,31.59,45.54,52.71,44.51,7.38,0.93,4.11,16.18,-14.0,5.17,32.66,36.2,29.21,27.4,27.61
10-05-2013,0,PECO,48823,BARBADOS35 KV   ABU2,BUS,TotalLMP,27.99,27.32,,26.33,24.67,23.97,26.42,27.33,6.41,28.48,35.68,32.4,8.16,13.59,-18.29,14.27,7.45,-15.61,-22.45,-2.98,20.82,40.27,42.35,35.99,34.34
10-06-2013,0,PECO,48823,BARBADOS35 KV   ABU2,BUS,TotalLMP,25.28,27.85,,25.88,22.69,23.41,24.84,25.94,26.91,26.42,28.98,29.69,33.5,44.03,31.45,34.52,40.8,41.87,48.04,43.21,82.46,37.02,34.59,31.05,27.27
10-07-2013,0,PECO,48823,BARBADOS35 KV   ABU2,BUS,TotalLMP,27.11,25.44,,24.39,24.26,26.15,28.95,38.17,49.86,36.82,38.85,51.69,46.79,40.94,42.45,37.1,33.67,34.36,34.33,38.14,37.56,34.26,29.43,23.58,23.1
10-08-2013,0,PECO,48823,BARBADOS35 KV   ABU2,BUS,TotalLMP,22.16,22.57,,21.96,21.77,24.24,27.09,38.96,43.36,29.88,32.68,33.26,34.38,31.89,32.88,31.05,28.56,27.91,28.91,28.4,36.47,30.39,26.28,22.92,21.47
10-09-2013,0,PECO,48823,BARBADOS35 KV   ABU2,BUS,TotalLMP,20.19,20.89,,24.58,22.46,23.85,27.66,28.07,28.23,28.19,26.19,27.84,29.58,27.48,27.29,29.76,29.08,30.13,29.8,31.22,32.56,33.13,28.94,24.11,24.46
10-10-2013,0,PECO,48823,BARBADOS35 KV   ABU2,BUS,TotalLMP,23.99,23.86,,22.45,22.01,24.37,25.85,28.75,46.34,32.24,34.39,35.81,38.45,36.84,34.44,29.22,33.49,34.12,35.04,34.68,49.21,36.76,28.43,25.66,25.31
09-13-2013,0,PECO,48823,BARBADOS35 KV   ABU2,BUS,TotalLMP,27.51,27.08,,25.64,23.65,25.71,27.36,32.53,30.55,31.36,32.65,31.19,36.15,32.13,30.2,32.2,33.82,35.19,29.79,28.41,27.94,28.37,25.93,23.12,22.19
09-14-2013,0,PECO,48823,BARBADOS35 KV   ABU2,BUS,TotalLMP,23.36,27.1,,27.96,23.65,23.5,24.96,24.93,23.3,25.68,26.69,26.66,26.88,27.18,27.49,27.22,26.73,27.03,27.09,26.31,27.02,28.58,26.06,23.54,21.63
09-15-2013,0,PECO,48823,BARBADOS35 KV   ABU2,BUS,TotalLMP,21.09,11.9,,14.76,1.58,0.0,0.46,8.64,1.05,25.65,25.68,25.0,24.75,25.75,25.97,25.99,26.78,28.9,33.62,27.3,42.29,32.14,26.2,23.55,23.63
09-16-2013,0,PECO,48823,BARBADOS35 KV   ABU2,BUS,TotalLMP,22.66,18.18,,17.52,20.26,22.33,25.97,36.03,30.65,28.75,29.83,31.85,34.24,32.1,29.76,25.59,26.98,26.79,27.73,27.84,32.05,29.4,26.5,22.99,22.68
09-17-2013,0,PECO,48823,BARBADOS35 KV   ABU2,BUS,TotalLMP,22.51,22.04,,5.99,21.51,21.68,26.57,36.58,26.07,27.49,30.07,30.72,36.1,36.28,32.52,31.9,28.24,30.29,30.36,28.03,36.4,31.91,27.78,24.34,22.65
09-18-2013,0,PECO,48823,BARBADOS35 KV   ABU2,BUS,TotalLMP,17.96,24.19,,20.66,21.3,23.37,26.52,31.55,30.36,31.51,44.8,29.7,37.67,32.86,36.85,29.62,30.31,31.02,30.55,30.02,36.96,33.78,29.65,25.01,25.19
09-19-2013,0,PECO,48823,BARBADOS35 KV   ABU2,BUS,TotalLMP,13.62,24.05,,23.56,23.54,24.77,26.38,35.28,29.06,28.11,33.22,30.41,29.54,29.46,31.79,33.28,33.76,30.2,32.69,30.05,39.18,36.0,29.85,28.0,26.8
05-17-2013,0,PECO,48823,BARBADOS35 KV   ABU2,BUS,TotalLMP,30.0,27.58,,25.35,25.45,25.51,28.07,30.89,32.1,33.06,40.02,46.14,42.25,66.11,44.27,62.37,73.65,44.2,37.47,62.09,36.73,53.43,41.38,30.57,27.62
05-18-2013,0,PECO,48823,BARBADOS35 KV   ABU2,BUS,TotalLMP,28.63,28.12,,25.38,24.87,24.76,26.62,25.2,26.58,30.19,34.22,40.07,40.33,45.04,47.43,32.65,37.07,35.91,34.52,33.06,31.09,31.17,31.65,27.94,25.97
05-19-2013,0,PECO,48823,BARBADOS35 KV   ABU2,BUS,TotalLMP,25.82,25.94,,21.92,9.52,15.89,24.7,21.3,24.31,29.03,28.01,29.96,32.22,34.78,35.89,39.21,39.11,43.58,46.76,43.01,34.6,37.48,43.46,30.5,29.69
05-20-2013,0,PECO,48823,BARBADOS35 KV   ABU2,BUS,TotalLMP,27.06,17.08,,24.34,24.53,23.61,27.53,31.83,41.51,51.63,42.56,40.33,49.08,62.76,55.18,60.76,76.07,111.89,74.53,79.09,63.84,150.24,111.59,39.6,37.24
05-21-2013,0,PECO,48823,BARBADOS35 KV   ABU2,BUS,TotalLMP,38.07,27.18,,26.29,23.55,26.13,29.59,34.7,40.13,45.48,39.1,48.37,48.07,46.33,75.93,66.64,81.76,85.88,93.99,58.38,45.38,56.9,60.93,41.03,37.82
05-22-2013,0,PECO,48823,BARBADOS35 KV   ABU2,BUS,TotalLMP,33.39,34.39,,29.1,27.3,27.32,51.15,44.46,41.5,52.68,44.41,50.47,74.99,191.24,57.29,67.57,75.99,137.35,97.14,62.05,52.9,56.73,56.27,30.61,32.89
05-23-2013,0,PECO,48823,BARBADOS35 KV   ABU2,BUS,TotalLMP,31.24,34.14,,27.39,25.45,27.49,35.14,39.23,93.57,72.54,40.05,41.52,50.33,55.56,66.01,48.55,67.0,44.44,45.08,36.45,39.61,49.32,36.87,26.18,27.26
04-26-2013,0,PECO,48823,BARBADOS35 KV   ABU2,BUS,TotalLMP,30.67,30.04,,29.02,28.92,31.94,36.7,45.91,45.19,43.21,41.21,44.35,45.36,41.71,39.81,43.47,42.94,36.94,33.69,32.66,35.21,41.98,39.38,32.4,30.58
04-27-2013,0,PECO,48823,BARBADOS35 KV   ABU2,BUS,TotalLMP,32.57,31.51,,30.24,30.2,32.06,34.44,36.07,37.51,48.61,58.28,39.13,36.81,47.5,32.66,34.27,33.4,33.58,35.91,34.27,35.24,47.71,36.97,32.35,33.24
04-28-2013,0,PECO,48823,BARBADOS35 KV   ABU2,BUS,TotalLMP,30.47,27.74,,27.05,26.55,27.36,28.14,27.81,28.72,29.5,32.86,32.74,34.62,45.23,36.02,33.9,33.19,42.07,42.02,39.06,54.52,38.62,33.27,28.97,26.66
04-29-2013,0,PECO,48823,BARBADOS35 KV   ABU2,BUS,TotalLMP,27.3,23.81,,24.44,24.48,25.51,26.11,41.06,45.53,47.4,48.52,42.57,44.69,68.51,52.98,49.04,47.13,53.95,45.25,41.21,33.92,36.51,38.43,33.67,29.69
04-30-2013,0,PECO,48823,BARBADOS35 KV   ABU2,BUS,TotalLMP,27.56,26.38,,24.96,23.44,25.83,29.12,32.32,32.62,34.24,34.19,44.83,38.95,37.79,43.22,36.0,37.87,38.05,36.41,36.31,33.31,38.8,37.22,31.41,28.59
05-01-2013,0,PECO,48823,BARBADOS35 KV   ABU2,BUS,TotalLMP,28.01,26.86,,26.07,25.63,27.61,30.52,33.27,42.77,38.92,50.05,62.26,47.5,57.07,49.07,41.06,44.16,46.2,44.66,40.39,36.37,49.39,70.98,30.28,28.03
05-02-2013,0,PECO,48823,BARBADOS35 KV   ABU2,BUS,TotalLMP,27.49,28.22,,25.26,25.18,26.56,29.68,31.62,41.46,35.25,33.8,35.63,35.85,37.54,30.51,32.57,35.85,33.96,32.15,33.11,30.59,32.84,33.51,29.75,28.35
